LIMCU;IMLITM;IMDSC1;LILOCN;LILOTN;QTD;LIUPMJ
HABF;2003G40H M10027;CJ TRANSMISSAO CVT -AL;ESTDLI;;-1;0
HABF;2003G63B C60026;CJ TRANSMISSAO CVT -AL;ESTDLI;;1;125351
HABF;100006HGWMA6;CONJ MOTOR 1.5 TURBO FFV;ESTLMO;;82;126204
HABF;100006HZWMA7;CONJ MOTOR 1.5 FFV;ESTLMO;;125;126204
HABF;100006HZXMA7;CONJ MOTOR 1.5 FFV;ESTLMO;;-1;126149
HABF;100006WYYKA5;CONJ MOTOR 1.5 CVT;ESTLMO;;2;126204
HABF;100006WYZKA5;CONJ MOTOR 1.5 CVT;ESTLMO;;-3;126167
HABF;100006WZYMA5;CONJ MOTOR 1.5 FFV CVT;ESTLMO;;463;126204
HABF;100006WZZMA5;CONJ MOTOR 1.5 FFV CVT;ESTLMO;;-7;126183
HABF;1000062XVME6;CONJ. MOTOR 1.5 FLEX CVT;ESTLMO;;2;126204
HABF;1000062XVME8;CONJ. MOTOR 1.5 FLEX CVT;ESTLMO;;-3;126203
HABF;1000062XVME9;CONJ. MOTOR 1.5 FLEX CVT;ESTLMO;;120;126204
HABF;2003A40H M000;CJ TRANSMISSAO CVT -AL;ESTLMO;;6;126198
HABF;2003F63B P100;CJ TRANSMISSAO CVT -AL;ESTLMO;;36;126198
HABF;1000062XVME8;CONJ. MOTOR 1.5 FLEX CVT;ESTREJ;01260301017;1;126078
HABF;100006HGWMA6;CONJ MOTOR 1.5 TURBO FFV;ESTTRA;13535014;36;126204
HABF;100006HZWMA7;CONJ MOTOR 1.5 FFV;ESTTRA;13529264;3;126181
HABF;100006HZWMA7;CONJ MOTOR 1.5 FFV;ESTTRA;13535014;63;126204
HABF;2003G40H M10027;CJ TRANSMISSAO CVT -AL;ESTTRA;10083724;1;126173
HABN;2003E6JH M800;CJ TRANSMISSAO CVT -AL;ESTDLI;;897;126173
HABN;2003F6JH M800;CJ TRANSMISSAO CVT -AL;ESTDLI;;120;126204
HABN;2003G40H CA0027;CJ TRANSMISSAO CVT -AL;ESTDLI;;240;126174
HABN;2003G40H CA0028;CJ TRANSMISSAO CVT -AL;ESTDLI;;-120;126189
HABN;2003G40H CK0027;CJ TRANSMISSAO CVT -AL;ESTDLI;;120;126173
HABN;2003G40H CK0028;CJ TRANSMISSAO CVT -AL;ESTDLI;;5;126199
HABN;2003G40H M10027;CJ TRANSMISSAO CVT -AL;ESTDLI;;1726;126187
HABN;2003G40H M10028;CJ TRANSMISSAO CVT -AL;ESTDLI;;480;126204
HABN;2003G6JC CS0027;CJ TRANSMISSAO CVT -AL;ESTDLI;;240;126182
HABN;2003G6JC C70026;CJ TRANSMISSAO CVT -AL;ESTDLI;;96;126163
HABN;2003G6JC C70027;CJ TRANSMISSAO CVT -AL;ESTDLI;;60;126177
HABN;2003G6JC E80026;CJ TRANSMISSAO CVT -AL;ESTDLI;;406;126203
HABN;2003G6JC E80027;CJ TRANSMISSAO CVT -AL;ESTDLI;;420;126204
HABN;2003G63B CM0026;CJ TRANSMISSAO CVT -AL;ESTDLI;;256;126204
HABN;2003G63B CR0026;CJ TRANSMISSAO CVT -AL;ESTDLI;;97;126204
HABN;2003G63B C60026;CJ TRANSMISSAO CVT -AL;ESTDLI;;228;126196
HABN;2003G63R CD0025;CJ TRANSMISSAO CVT -AL;ESTDLI;;-60;126174
HABN;2003A40H P000;CJ TRANSMISSAO CVT -AL;ESTMMO;;54;126173
HABN;2003B40H M000;CJ TRANSMISSAO CVT -AL;ESTMMO;;62;126204
HABN;2003C6JC M000;CJ TRANSMISSAO CVT -AL;ESTMMO;;120;126117
HABN;2003D6JC M000;CJ TRANSMISSAO CVT -AL;ESTMMO;;109;126142
HABN;2003D6JC P000;CJ TRANSMISSAO CVT -AL;ESTMMO;;24;126114
HABN;2003D6JC P300;CJ TRANSMISSAO CVT -AL;ESTMMO;;60;126117
HABN;2003E6JC M000;CJ TRANSMISSAO CVT -AL;ESTMMO;;60;126204
HABN;2003F6JH M800;CJ TRANSMISSAO CVT -AL;ESTMMO;;-690;126204
HABN;2003F63B M000;CJ TRANSMISSAO CVT -AL;ESTMMO;;240;126204
HABN;2003F63B M200;CJ TRANSMISSAO CVT -AL;ESTMMO;;72;126202
HABN;2003F63B M500;CJ TRANSMISSAO CVT -AL;ESTMMO;;120;126204
HABN;2003F63B M700;CJ TRANSMISSAO CVT -AL;ESTMMO;;228;126203
HABN;2003G40H M10028;CJ TRANSMISSAO CVT -AL;ESTMMO;;-2266;126204
HABN;2003G6JC CS0026;CJ TRANSMISSAO CVT -AL;ESTMMO;;-180;126170
HABN;2003G63B CR0026;CJ TRANSMISSAO CVT -AL;ESTMMO;;-120;126204
HABN;2003G63B C40026;CJ TRANSMISSAO CVT -AL;ESTMMO;;-60;126204
HABN;2003T6JH M000;CJ TRANSMISSAO CVT -AL;ESTMMO;;10;126204
HAB1;2003G6JC E80026;CJ TRANSMISSAO CVT -AL;ESTDLI;;3;126125
HAB1;1110062H M000BB;BLOCO DO CILINDRO;ESTFND;;1917;126204
HAB1;12100KPT A001AA;CILINDRO DO PISTAO BRUTO;ESTFND;;4862;0
HAB1;12100K2G 9000XA;CILINDRO COMP.(BRUTO)S/TRAT;ESTFND;;584;0
HAB1;12100K2G 9000XB;CILINDRO COMP.(ACAB)C/TRAT;ESTFND;;2689;0
HAB1;1220162X M000AA;CABECOTE CILINDRO (SOZAI) ALUM;ESTFND;;825;0
HAB1;1220162X M000BB;CABECOTE CILINDRO;ESTFND;;1708;0
HAB1;100006HGWMA6;CONJ MOTOR 1.5 TURBO FFV;ESTMMO;;3;126204
HAB1;100006HZWMA7;CONJ MOTOR 1.5 FFV;ESTMMO;;55;126204
HAB1;100006HZXMA7;CONJ MOTOR 1.5 FFV;ESTMMO;;1;126140
HAB1;100006WYZKA5;CONJ MOTOR 1.5 CVT;ESTMMO;;3;126167
HAB1;100006WZZMA5;CONJ MOTOR 1.5 FFV CVT;ESTMMO;;7;126181
HAB1;1000062XVME6;CONJ. MOTOR 1.5 FLEX CVT;ESTMMO;;6;126204
HAB1;1000062XVME8;CONJ. MOTOR 1.5 FLEX CVT;ESTMMO;;2;126201
HAB1;1100B62H M000;BLOCO DO CILINDRO(SAIDA USI);ESTMMO;;533;0
HAB1;1220B62X M000;CJ CABECOTE MOTOR (SAIDA USI);ESTMMO;;543;126203
HAB1;2003B40H M000;CJ TRANSMISSAO CVT -AL;ESTMMO;;1078;126204
HAB1;2003B40H P000;CJ TRANSMISSAO CVT -AL;ESTMMO;;-114;126203
HAB1;2003D6JC M000;CJ TRANSMISSAO CVT -AL;ESTMMO;;6;126140
HAB1;2003E6JC M000;CJ TRANSMISSAO CVT -AL;ESTMMO;;420;126204
HAB1;2003F63B M000;CJ TRANSMISSAO CVT -AL;ESTMMO;;42;126184
HAB1;2003F63B M100;CJ TRANSMISSAO CVT -AL;ESTMMO;;108;126203
HAB1;2003F63B M200;CJ TRANSMISSAO CVT -AL;ESTMMO;;108;126204
HAB1;2003F63B M300;CJ TRANSMISSAO CVT -AL;ESTMMO;;60;126204
HAB1;2003F63B M500;CJ TRANSMISSAO CVT -AL;ESTMMO;;125;126204
HAB1;2003F63B M600;CJ TRANSMISSAO CVT -AL;ESTMMO;;60;126203
HAB1;2003F63B M700;CJ TRANSMISSAO CVT -AL;ESTMMO;;132;126204
HAB1;2003F63B P100;CJ TRANSMISSAO CVT -AL;ESTMMO;;-36;126163
HAB1;2003G63B CM0026;CJ TRANSMISSAO CVT -AL;ESTMMO;;1;0
HAB1;2003S6JH M000;CJ TRANSMISSAO CVT -AL;ESTMMO;;60;126177
HAB1;2003T6JH M000;CJ TRANSMISSAO CVT -AL;ESTMMO;;120;126204
HAB1;1100B62H M000;BLOCO DO CILINDRO(SAIDA USI);ESTREJ;01260700348;1;0
HAB1;1100B62H M000;BLOCO DO CILINDRO(SAIDA USI);ESTREJ;01260700499;1;0
HAB1;1100B62H M000;BLOCO DO CILINDRO(SAIDA USI);ESTREJ;01260700546;1;0
HAB1;1100B62H M000;BLOCO DO CILINDRO(SAIDA USI);ESTREJ;01260700547;1;0
HAB1;1100B62H M000;BLOCO DO CILINDRO(SAIDA USI);ESTREJ;01260700548;1;0
HAB1;1100B62H M000;BLOCO DO CILINDRO(SAIDA USI);ESTREJ;01260700549;1;0
HAB1;1100B62H M000;BLOCO DO CILINDRO(SAIDA USI);ESTREJ;01260700682;1;0
HAB1;1100B62H M000;BLOCO DO CILINDRO(SAIDA USI);ESTREJ;01260700685;2;0
HAB1;1100B62H M000;BLOCO DO CILINDRO(SAIDA USI);ESTREJ;01260700686;1;0
HAB1;1100B62H M000;BLOCO DO CILINDRO(SAIDA USI);ESTREJ;01260700687;1;0
HAB1;12100K2G 9000;CILINDRO COMP.USI ACAB.;ESTREJ;01260700493;1;0
HAB1;1220B62X M000;CJ CABECOTE MOTOR (SAIDA USI);ESTREJ;01260700118;1;0
HAB1;1220B62X M000;CJ CABECOTE MOTOR (SAIDA USI);ESTREJ;01260700251;10;0
HAB1;1220B62X M000;CJ CABECOTE MOTOR (SAIDA USI);ESTREJ;01260700256;2;0
HAB1;1220B62X M000;CJ CABECOTE MOTOR (SAIDA USI);ESTREJ;01260700261;5;0
HAB1;1220B62X M000;CJ CABECOTE MOTOR (SAIDA USI);ESTREJ;01260700262;1;0
HAB1;1220B62X M000;CJ CABECOTE MOTOR (SAIDA USI);ESTREJ;01260700534;1;0
HAB1;1220B62X M000;CJ CABECOTE MOTOR (SAIDA USI);ESTREJ;01260700540;1;0
HAB1;1220B62X M000;CJ CABECOTE MOTOR (SAIDA USI);ESTREJ;01260700543;1;0
HAB1;2003G40H CK0028;CJ TRANSMISSAO CVT -AL;ESTREJ;01260700427;1;0
HAB1;2003G40H M10027;CJ TRANSMISSAO CVT -AL;ESTREJ;03260600945;1;126190
HAB1;2003B40H M000;CJ TRANSMISSAO CVT -AL;ESTTRA;10087254;12;126204
HAB1;2003B40H M000;CJ TRANSMISSAO CVT -AL;ESTTRA;10087324;228;126204
HAB1;2003E6JC M000;CJ TRANSMISSAO CVT -AL;ESTTRA;10086034;24;126188
HAB1;2003E6JC M000;CJ TRANSMISSAO CVT -AL;ESTTRA;10087254;108;126204
HAB1;2003E63B M301;CJ TRANSMISSAO CVT -AL;ESTTRA;10087004;1;126202
HAB1;2003E63B M701;CJ TRANSMISSAO CVT -AL;ESTTRA;10087004;1;126202
HAB1;2003F63B M000;CJ TRANSMISSAO CVT -AL;ESTTRA;10087254;60;126204
HAB1;2003F63B M300;CJ TRANSMISSAO CVT -AL;ESTTRA;10087254;60;126204
HAB1;2003T6JH M000;CJ TRANSMISSAO CVT -AL;ESTTRA;10087324;50;126204
HAB1;1100B62H M000;BLOCO DO CILINDRO(SAIDA USI);ESTUSI;;1853;126203
HAB1;12100KPT A004;CILINDRO DO PISTAO ACABADO;ESTUSI;;2304;126203
HAB1;12100KRM 8400 AC;CILINDRO DO PISTAO 2W ACABADO;ESTUSI;;194;126187
HAB1;12100K2G 9000;CILINDRO COMP.USI ACAB.;ESTUSI;;5943;126203
HAB1;12100K2G 9000XB;CILINDRO COMP.(ACAB)C/TRAT;ESTUSI;;1647;126204
HAB1;1220B62X M000;CJ CABECOTE MOTOR (SAIDA USI);ESTUSI;;1480;126203
