data_hora;posto;modelo;serie;resultado;vazamento;limite;unidade;motivo;turno;reteste
2026-08-02 17:01:26;Cabeçote;1.5 Turbo;CAB400313;OK;1,44;4;cc/min;;2;N
2026-08-02 17:01:28;Bloco;1.5 Turbo;BLO400001;OK;0,88;5;cc/min;;2;N
2026-08-02 17:01:32;Water Leak;1.0;WAT400912;OK;2,27;6;cc/min;;2;N
2026-08-02 17:01:34;Leak Zero;1.0;LEA400644;OK;1,74;3;cc/min;;2;N
2026-08-02 17:02:31;Cabeçote;1.5 Turbo;CAB400314;OK;2,58;4;cc/min;;2;N
2026-08-02 17:02:37;Bloco;1.0;BLO400002;OK;1,46;5;cc/min;;2;N
2026-08-02 17:02:49;Water Leak;1.5 Turbo;WAT400913;OK;3,02;6;cc/min;;2;N
2026-08-02 17:02:54;Leak Zero;1.5;LEA400645;OK;1,51;3;cc/min;;2;N
2026-08-02 17:03:36;Cabeçote;1.5;CAB400315;OK;2,65;4;cc/min;;2;N
2026-08-02 17:03:46;Bloco;1.5 Turbo;BLO400003;OK;2,54;5;cc/min;;2;N
2026-08-02 17:04:07;Water Leak;1.0;WAT400914;OK;3,61;6;cc/min;;2;N
2026-08-02 17:04:15;Leak Zero;1.0;LEA400646;OK;1,93;3;cc/min;;2;N
2026-08-02 17:04:42;Cabeçote;1.5 Turbo;CAB400316;OK;0,79;4;cc/min;;2;N
2026-08-02 17:04:56;Bloco;1.5;BLO400004;OK;1,70;5;cc/min;;2;N
2026-08-02 17:05:24;Water Leak;1.5 Turbo;WAT400915;OK;1,00;6;cc/min;;2;N
2026-08-02 17:05:35;Leak Zero;1.0;LEA400647;OK;1,20;3;cc/min;;2;N
2026-08-02 17:05:47;Cabeçote;1.0;CAB400317;OK;0,71;4;cc/min;;2;N
2026-08-02 17:06:05;Bloco;1.0;BLO400005;OK;1,18;5;cc/min;;2;N
2026-08-02 17:06:42;Water Leak;1.5;WAT400916;OK;4,19;6;cc/min;;2;N
2026-08-02 17:06:52;Cabeçote;1.5;CAB400318;NOK;8,14;4;cc/min;Sede de válvula;2;N
2026-08-02 17:06:56;Leak Zero;1.0;LEA400648;OK;1,33;3;cc/min;;2;N
2026-08-02 17:07:14;Bloco;1.5 Turbo;BLO400006;OK;2,63;5;cc/min;;2;N
2026-08-02 17:07:57;Cabeçote;1.5;CAB400319;OK;1,73;4;cc/min;;2;N
2026-08-02 17:07:59;Water Leak;1.5;WAT400917;OK;3,68;6;cc/min;;2;N
2026-08-02 17:08:17;Leak Zero;1.0;LEA400649;OK;0,98;3;cc/min;;2;N
2026-08-02 17:08:23;Bloco;1.0;BLO400007;OK;1,87;5;cc/min;;2;N
2026-08-02 17:09:03;Cabeçote;1.0;CAB400320;OK;1,89;4;cc/min;;2;N
2026-08-02 17:09:17;Water Leak;1.5;WAT400918;OK;2,20;6;cc/min;;2;N
2026-08-02 17:09:33;Bloco;1.0;BLO400008;OK;3,42;5;cc/min;;2;N
2026-08-02 17:09:37;Leak Zero;1.0;LEA400650;OK;1,21;3;cc/min;;2;N
2026-08-02 17:10:08;Cabeçote;1.5;CAB400321;OK;0,82;4;cc/min;;2;N
2026-08-02 17:10:34;Water Leak;1.0;WAT400919;OK;3,32;6;cc/min;;2;N
2026-08-02 17:10:42;Bloco;1.5;BLO400009;OK;2,39;5;cc/min;;2;N
2026-08-02 17:10:58;Leak Zero;1.5 Turbo;LEA400651;OK;1,17;3;cc/min;;2;N
2026-08-02 17:11:13;Cabeçote;1.5;CAB400322;OK;2,50;4;cc/min;;2;N
2026-08-02 17:11:51;Bloco;1.0;BLO400010;OK;0,81;5;cc/min;;2;N
2026-08-02 17:11:51;Water Leak;1.0;WAT400920;OK;3,12;6;cc/min;;2;N
2026-08-02 17:12:18;Leak Zero;1.0;LEA400652;OK;1,03;3;cc/min;;2;N
2026-08-02 17:12:19;Cabeçote;1.5;CAB400323;OK;2,44;4;cc/min;;2;N
2026-08-02 17:13:00;Bloco;1.0;BLO400011;OK;1,65;5;cc/min;;2;N
2026-08-02 17:13:09;Water Leak;1.0;WAT400921;OK;3,93;6;cc/min;;2;N
2026-08-02 17:13:24;Cabeçote;1.5 Turbo;CAB400324;OK;0,72;4;cc/min;;2;N
2026-08-02 17:13:39;Leak Zero;1.5 Turbo;LEA400653;OK;1,46;3;cc/min;;2;N
2026-08-02 17:14:09;Bloco;1.5;BLO400012;OK;1,80;5;cc/min;;2;N
2026-08-02 17:14:26;Water Leak;1.0;WAT400922;OK;3,39;6;cc/min;;2;N
2026-08-02 17:14:29;Cabeçote;1.5 Turbo;CAB400325;OK;1,33;4;cc/min;;2;N
2026-08-02 17:15:00;Leak Zero;1.5 Turbo;LEA400654;OK;1,59;3;cc/min;;2;N
2026-08-02 17:15:19;Bloco;1.5;BLO400013;OK;1,27;5;cc/min;;2;N
2026-08-02 17:15:34;Cabeçote;1.0;CAB400326;OK;2,76;4;cc/min;;2;N
2026-08-02 17:15:44;Water Leak;1.5;WAT400923;OK;2,09;6;cc/min;;2;N
2026-08-02 17:16:20;Leak Zero;1.5;LEA400655;OK;2,01;3;cc/min;;2;N
2026-08-02 17:16:28;Bloco;1.5 Turbo;BLO400014;OK;2,74;5;cc/min;;2;N
2026-08-02 17:16:40;Cabeçote;1.0;CAB400327;OK;2,05;4;cc/min;;2;N
2026-08-02 17:17:01;Water Leak;1.5 Turbo;WAT400924;OK;3,36;6;cc/min;;2;N
2026-08-02 17:17:37;Bloco;1.0;BLO400015;OK;2,09;5;cc/min;;2;N
2026-08-02 17:17:41;Leak Zero;1.0;LEA400656;OK;0,49;3;cc/min;;2;N
2026-08-02 17:17:45;Cabeçote;1.5;CAB400328;OK;2,07;4;cc/min;;2;N
2026-08-02 17:18:18;Water Leak;1.0;WAT400925;OK;4,05;6;cc/min;;2;N
2026-08-02 17:18:46;Bloco;1.5 Turbo;BLO400016;OK;1,37;5;cc/min;;2;N
2026-08-02 17:18:50;Cabeçote;1.5;CAB400329;OK;1,77;4;cc/min;;2;N
2026-08-02 17:19:01;Leak Zero;1.5 Turbo;LEA400657;OK;2,02;3;cc/min;;2;N
2026-08-02 17:19:36;Water Leak;1.0;WAT400926;OK;1,67;6;cc/min;;2;N
2026-08-02 17:19:55;Cabeçote;1.0;CAB400330;OK;0,80;4;cc/min;;2;N
2026-08-02 17:19:56;Bloco;1.5;BLO400017;OK;2,95;5;cc/min;;2;N
2026-08-02 17:20:22;Leak Zero;1.0;LEA400658;OK;1,52;3;cc/min;;2;N
2026-08-02 17:20:53;Water Leak;1.5 Turbo;WAT400927;OK;1,58;6;cc/min;;2;N
2026-08-02 17:21:01;Cabeçote;1.5;CAB400331;OK;0,93;4;cc/min;;2;N
2026-08-02 17:21:05;Bloco;1.5;BLO400018;OK;3,47;5;cc/min;;2;N
2026-08-02 17:21:43;Leak Zero;1.5;LEA400659;OK;2,07;3;cc/min;;2;N
2026-08-02 17:22:06;Cabeçote;1.5;CAB400332;OK;2,78;4;cc/min;;2;N
2026-08-02 17:22:11;Water Leak;1.5;WAT400928;OK;3,45;6;cc/min;;2;N
2026-08-02 17:22:14;Bloco;1.0;BLO400019;OK;2,64;5;cc/min;;2;N
2026-08-02 17:23:03;Leak Zero;1.5;LEA400660;OK;1,16;3;cc/min;;2;N
2026-08-02 17:23:11;Cabeçote;1.5 Turbo;CAB400333;OK;1,36;4;cc/min;;2;N
2026-08-02 17:23:23;Bloco;1.5;BLO400020;OK;2,33;5;cc/min;;2;N
2026-08-02 17:23:28;Water Leak;1.0;WAT400929;OK;2,68;6;cc/min;;2;N
2026-08-02 17:24:16;Cabeçote;1.5 Turbo;CAB400334;OK;1,24;4;cc/min;;2;N
2026-08-02 17:24:24;Leak Zero;1.0;LEA400661;OK;1,21;3;cc/min;;2;N
2026-08-02 17:24:33;Bloco;1.5;BLO400021;OK;1,57;5;cc/min;;2;N
2026-08-02 17:24:46;Water Leak;1.5 Turbo;WAT400930;OK;2,83;6;cc/min;;2;N
2026-08-02 17:25:22;Cabeçote;1.5;CAB400335;NOK;10,74;4;cc/min;Sede de válvula;2;N
2026-08-02 17:25:42;Bloco;1.5;BLO400022;OK;2,59;5;cc/min;;2;N
2026-08-02 17:25:44;Leak Zero;1.5 Turbo;LEA400662;OK;1,96;3;cc/min;;2;N
2026-08-02 17:26:03;Water Leak;1.5;WAT400931;OK;4,05;6;cc/min;;2;N
2026-08-02 17:26:27;Cabeçote;1.0;CAB400336;OK;1,61;4;cc/min;;2;N
2026-08-02 17:26:51;Bloco;1.5;BLO400023;OK;3,32;5;cc/min;;2;N
2026-08-02 17:27:05;Leak Zero;1.5 Turbo;LEA400663;OK;1,76;3;cc/min;;2;N
2026-08-02 17:27:20;Water Leak;1.5;WAT400932;OK;1,48;6;cc/min;;2;N
2026-08-02 17:27:32;Cabeçote;1.5 Turbo;CAB400337;OK;2,61;4;cc/min;;2;N
2026-08-02 17:28:00;Bloco;1.5 Turbo;BLO400024;OK;3,23;5;cc/min;;2;N
2026-08-02 17:28:26;Leak Zero;1.0;LEA400664;OK;0,66;3;cc/min;;2;N
2026-08-02 17:28:37;Cabeçote;1.0;CAB400338;OK;0,91;4;cc/min;;2;N
2026-08-02 17:28:38;Water Leak;1.0;WAT400933;OK;2,10;6;cc/min;;2;N
2026-08-02 17:29:09;Bloco;1.0;BLO400025;OK;1,89;5;cc/min;;2;N
2026-08-02 17:29:43;Cabeçote;1.5;CAB400339;OK;2,68;4;cc/min;;2;N
2026-08-02 17:29:46;Leak Zero;1.0;LEA400665;OK;0,82;3;cc/min;;2;N
2026-08-02 17:29:55;Water Leak;1.5;WAT400934;OK;3,79;6;cc/min;;2;N
2026-08-02 17:30:19;Bloco;1.0;BLO400026;OK;2,51;5;cc/min;;2;N
2026-08-02 17:30:48;Cabeçote;1.5 Turbo;CAB400340;OK;2,71;4;cc/min;;2;N
2026-08-02 17:31:07;Leak Zero;1.5 Turbo;LEA400666;OK;1,80;3;cc/min;;2;N
2026-08-02 17:31:13;Water Leak;1.0;WAT400935;OK;1,31;6;cc/min;;2;N
2026-08-02 17:31:28;Bloco;1.0;BLO400027;OK;3,28;5;cc/min;;2;N
2026-08-02 17:31:53;Cabeçote;1.0;CAB400341;OK;2,02;4;cc/min;;2;N
2026-08-02 17:32:27;Leak Zero;1.5 Turbo;LEA400667;OK;1,81;3;cc/min;;2;N
2026-08-02 17:32:30;Water Leak;1.0;WAT400936;OK;3,85;6;cc/min;;2;N
2026-08-02 17:32:37;Bloco;1.5 Turbo;BLO400028;OK;1,86;5;cc/min;;2;N
2026-08-02 17:32:58;Cabeçote;1.5 Turbo;CAB400342;OK;1,03;4;cc/min;;2;N
2026-08-02 17:33:46;Bloco;1.5 Turbo;BLO400029;OK;2,81;5;cc/min;;2;N
2026-08-02 17:33:48;Leak Zero;1.5;LEA400668;NOK;7,61;3;cc/min;Junta do cabeçote;2;N
2026-08-02 17:33:48;Water Leak;1.5 Turbo;WAT400937;OK;3,90;6;cc/min;;2;N
2026-08-02 17:34:04;Cabeçote;1.0;CAB400343;OK;2,53;4;cc/min;;2;N
2026-08-02 17:34:56;Bloco;1.0;BLO400030;OK;2,52;5;cc/min;;2;N
2026-08-02 17:35:05;Water Leak;1.5 Turbo;WAT400938;OK;1,47;6;cc/min;;2;N
2026-08-02 17:35:09;Cabeçote;1.0;CAB400344;OK;2,75;4;cc/min;;2;N
2026-08-02 17:35:09;Leak Zero;1.5;LEA400669;OK;1,86;3;cc/min;;2;N
2026-08-02 17:36:05;Bloco;1.0;BLO400031;OK;1,99;5;cc/min;;2;N
2026-08-02 17:36:14;Cabeçote;1.5 Turbo;CAB400345;OK;1,75;4;cc/min;;2;N
2026-08-02 17:36:22;Water Leak;1.5;WAT400939;OK;3,02;6;cc/min;;2;N
2026-08-02 17:36:29;Leak Zero;1.0;LEA400670;OK;2,01;3;cc/min;;2;N
2026-08-02 17:37:14;Bloco;1.0;BLO400032;OK;2,27;5;cc/min;;2;N
2026-08-02 17:37:19;Cabeçote;1.5 Turbo;CAB400346;OK;0,99;4;cc/min;;2;N
2026-08-02 17:37:40;Water Leak;1.5 Turbo;WAT400940;OK;3,61;6;cc/min;;2;N
2026-08-02 17:37:50;Leak Zero;1.0;LEA400671;OK;2,02;3;cc/min;;2;N
2026-08-02 17:38:23;Bloco;1.5;BLO400033;OK;1,84;5;cc/min;;2;N
2026-08-02 17:38:25;Cabeçote;1.5;CAB400347;NOK;4,83;4;cc/min;Sede de válvula;2;N
2026-08-02 17:38:57;Water Leak;1.5 Turbo;WAT400941;OK;4,13;6;cc/min;;2;N
2026-08-02 17:39:10;Leak Zero;1.0;LEA400672;OK;1,58;3;cc/min;;2;N
2026-08-02 17:39:30;Cabeçote;1.0;CAB400348;OK;2,67;4;cc/min;;2;N
2026-08-02 17:39:33;Bloco;1.5;BLO400034;OK;2,37;5;cc/min;;2;N
2026-08-02 17:40:15;Water Leak;1.5;WAT400942;OK;3,84;6;cc/min;;2;N
2026-08-02 17:40:31;Leak Zero;1.5;LEA400673;OK;1,38;3;cc/min;;2;N
2026-08-02 17:40:35;Cabeçote;1.5;CAB400349;OK;1,44;4;cc/min;;2;N
2026-08-02 17:40:42;Bloco;1.5;BLO400035;OK;2,75;5;cc/min;;2;N
2026-08-02 17:41:32;Water Leak;1.0;WAT400943;OK;3,35;6;cc/min;;2;N
2026-08-02 17:41:40;Cabeçote;1.5 Turbo;CAB400350;OK;1,37;4;cc/min;;2;N
2026-08-02 17:41:51;Bloco;1.0;BLO400036;OK;1,66;5;cc/min;;2;N
2026-08-02 17:41:52;Leak Zero;1.5;LEA400674;OK;1,07;3;cc/min;;2;N
2026-08-02 17:42:46;Cabeçote;1.5 Turbo;CAB400351;OK;2,12;4;cc/min;;2;N
2026-08-02 17:42:49;Water Leak;1.5;WAT400944;OK;3,35;6;cc/min;;2;N
2026-08-02 17:43:00;Bloco;1.0;BLO400037;OK;2,19;5;cc/min;;2;N
2026-08-02 17:43:12;Leak Zero;1.0;LEA400675;OK;0,49;3;cc/min;;2;N
2026-08-02 17:43:51;Cabeçote;1.0;CAB400352;OK;2,59;4;cc/min;;2;N
2026-08-02 17:44:07;Water Leak;1.0;WAT400945;OK;0,94;6;cc/min;;2;N
2026-08-02 17:44:09;Bloco;1.0;BLO400038;OK;2,54;5;cc/min;;2;N
2026-08-02 17:44:33;Leak Zero;1.5 Turbo;LEA400676;OK;1,81;3;cc/min;;2;N
2026-08-02 17:44:56;Cabeçote;1.5;CAB400353;OK;1,32;4;cc/min;;2;N
2026-08-02 17:45:19;Bloco;1.0;BLO400039;OK;1,29;5;cc/min;;2;N
2026-08-02 17:45:24;Water Leak;1.5 Turbo;WAT400946;OK;2,77;6;cc/min;;2;N
2026-08-02 17:45:53;Leak Zero;1.5 Turbo;LEA400677;OK;2,05;3;cc/min;;2;N
2026-08-02 17:46:01;Cabeçote;1.0;CAB400354;OK;2,64;4;cc/min;;2;N
2026-08-02 17:46:28;Bloco;1.0;BLO400040;OK;2,84;5;cc/min;;2;N
2026-08-02 17:46:42;Water Leak;1.5;WAT400947;OK;1,23;6;cc/min;;2;N
2026-08-02 17:47:07;Cabeçote;1.5 Turbo;CAB400355;OK;0,84;4;cc/min;;2;N
2026-08-02 17:47:14;Leak Zero;1.5 Turbo;LEA400678;OK;1,46;3;cc/min;;2;N
2026-08-02 17:47:37;Bloco;1.0;BLO400041;OK;2,92;5;cc/min;;2;N
2026-08-02 17:47:59;Water Leak;1.5 Turbo;WAT400948;OK;3,85;6;cc/min;;2;N
2026-08-02 17:48:12;Cabeçote;1.5 Turbo;CAB400356;OK;0,78;4;cc/min;;2;N
2026-08-02 17:48:35;Leak Zero;1.5 Turbo;LEA400679;OK;1,62;3;cc/min;;2;N
2026-08-02 17:48:46;Bloco;1.5 Turbo;BLO400042;OK;0,85;5;cc/min;;2;N
2026-08-02 17:49:17;Cabeçote;1.5;CAB400357;OK;1,12;4;cc/min;;2;N
2026-08-02 17:49:17;Water Leak;1.5;WAT400949;OK;1,04;6;cc/min;;2;N
2026-08-02 17:49:55;Leak Zero;1.5;LEA400680;OK;0,85;3;cc/min;;2;N
2026-08-02 17:49:56;Bloco;1.5;BLO400043;OK;1,78;5;cc/min;;2;N
2026-08-02 17:50:23;Cabeçote;1.5;CAB400358;OK;1,40;4;cc/min;;2;N
2026-08-02 17:50:34;Water Leak;1.5 Turbo;WAT400950;OK;3,27;6;cc/min;;2;N
2026-08-02 17:51:05;Bloco;1.0;BLO400044;OK;1,90;5;cc/min;;2;N
2026-08-02 17:51:16;Leak Zero;1.0;LEA400681;OK;0,63;3;cc/min;;2;N
2026-08-02 17:51:28;Cabeçote;1.5 Turbo;CAB400359;OK;1,36;4;cc/min;;2;N
2026-08-02 17:51:51;Water Leak;1.0;WAT400951;OK;2,12;6;cc/min;;2;N
2026-08-02 17:52:14;Bloco;1.5;BLO400045;OK;3,50;5;cc/min;;2;N
2026-08-02 17:52:33;Cabeçote;1.5 Turbo;CAB400360;OK;2,68;4;cc/min;;2;N
2026-08-02 17:52:36;Leak Zero;1.5 Turbo;LEA400682;OK;1,46;3;cc/min;;2;N
2026-08-02 17:53:09;Water Leak;1.5 Turbo;WAT400952;OK;1,96;6;cc/min;;2;N
2026-08-02 17:53:23;Bloco;1.5;BLO400046;OK;2,20;5;cc/min;;2;N
2026-08-02 17:53:38;Cabeçote;1.5 Turbo;CAB400361;OK;2,10;4;cc/min;;2;N
2026-08-02 17:53:57;Leak Zero;1.5 Turbo;LEA400683;OK;1,88;3;cc/min;;2;N
2026-08-02 17:54:26;Water Leak;1.5 Turbo;WAT400953;OK;2,24;6;cc/min;;2;N
2026-08-02 17:54:33;Bloco;1.0;BLO400047;OK;3,17;5;cc/min;;2;N
2026-08-02 17:54:44;Cabeçote;1.5;CAB400362;OK;2,09;4;cc/min;;2;N
2026-08-02 17:55:18;Leak Zero;1.0;LEA400684;OK;1,56;3;cc/min;;2;N
2026-08-02 17:55:42;Bloco;1.5;BLO400048;OK;1,93;5;cc/min;;2;N
2026-08-02 17:55:44;Water Leak;1.5 Turbo;WAT400954;OK;1,18;6;cc/min;;2;N
2026-08-02 17:55:49;Cabeçote;1.5 Turbo;CAB400363;OK;1,02;4;cc/min;;2;N
2026-08-02 17:56:38;Leak Zero;1.5 Turbo;LEA400685;OK;1,73;3;cc/min;;2;N
2026-08-02 17:56:51;Bloco;1.5 Turbo;BLO400049;OK;1,25;5;cc/min;;2;N
2026-08-02 17:56:54;Cabeçote;1.0;CAB400364;OK;2,62;4;cc/min;;2;N
2026-08-02 17:57:01;Water Leak;1.5 Turbo;WAT400955;OK;3,03;6;cc/min;;2;N
2026-08-02 17:57:48;Leak Zero;1.5;LEA400668;OK;1,35;3;cc/min;;2;S
2026-08-02 17:57:59;Cabeçote;1.0;CAB400365;OK;1,08;4;cc/min;;2;N
2026-08-02 17:57:59;Leak Zero;1.5;LEA400686;OK;1,71;3;cc/min;;2;N
2026-08-02 17:58:00;Bloco;1.5;BLO400050;OK;1,90;5;cc/min;;2;N
2026-08-02 17:58:18;Water Leak;1.5 Turbo;WAT400956;OK;3,40;6;cc/min;;2;N
2026-08-02 17:59:05;Cabeçote;1.5;CAB400366;OK;2,72;4;cc/min;;2;N
2026-08-02 17:59:09;Bloco;1.0;BLO400051;OK;2,68;5;cc/min;;2;N
2026-08-02 17:59:19;Leak Zero;1.0;LEA400687;OK;2,01;3;cc/min;;2;N
2026-08-02 17:59:36;Water Leak;1.5 Turbo;WAT400957;OK;1,64;6;cc/min;;2;N
2026-08-02 18:00:10;Cabeçote;1.5 Turbo;CAB400367;OK;1,80;4;cc/min;;2;N
2026-08-02 18:00:19;Bloco;1.0;BLO400052;OK;2,33;5;cc/min;;2;N
2026-08-02 18:00:40;Leak Zero;1.5 Turbo;LEA400688;OK;0,46;3;cc/min;;2;N
2026-08-02 18:00:53;Water Leak;1.5;WAT400958;OK;1,42;6;cc/min;;2;N
2026-08-02 18:01:15;Cabeçote;1.0;CAB400368;OK;2,15;4;cc/min;;2;N
2026-08-02 18:01:28;Bloco;1.5 Turbo;BLO400053;OK;2,14;5;cc/min;;2;N
2026-08-02 18:02:00;Leak Zero;1.5 Turbo;LEA400689;OK;1,13;3;cc/min;;2;N
2026-08-02 18:02:11;Water Leak;1.5;WAT400959;OK;1,76;6;cc/min;;2;N
2026-08-02 18:02:20;Cabeçote;1.5 Turbo;CAB400369;OK;2,24;4;cc/min;;2;N
2026-08-02 18:02:25;Cabeçote;1.5;CAB400347;OK;1,80;4;cc/min;;2;S
2026-08-02 18:02:37;Bloco;1.0;BLO400054;OK;1,10;5;cc/min;;2;N
2026-08-02 18:03:21;Leak Zero;1.0;LEA400690;OK;1,42;3;cc/min;;2;N
2026-08-02 18:03:26;Cabeçote;1.5;CAB400370;OK;2,39;4;cc/min;;2;N
2026-08-02 18:03:28;Water Leak;1.0;WAT400960;OK;2,42;6;cc/min;;2;N
2026-08-02 18:03:46;Bloco;1.5 Turbo;BLO400055;OK;1,48;5;cc/min;;2;N
2026-08-02 18:04:31;Cabeçote;1.5;CAB400371;OK;1,38;4;cc/min;;2;N
2026-08-02 18:04:42;Leak Zero;1.5 Turbo;LEA400691;OK;1,79;3;cc/min;;2;N
2026-08-02 18:04:46;Water Leak;1.5 Turbo;WAT400961;OK;3,91;6;cc/min;;2;N
2026-08-02 18:04:56;Bloco;1.5;BLO400056;OK;1,02;5;cc/min;;2;N
2026-08-02 18:05:36;Cabeçote;1.5;CAB400372;OK;0,84;4;cc/min;;2;N
2026-08-02 18:06:02;Leak Zero;1.5 Turbo;LEA400692;OK;1,34;3;cc/min;;2;N
2026-08-02 18:06:03;Water Leak;1.5;WAT400962;OK;2,33;6;cc/min;;2;N
2026-08-02 18:06:05;Bloco;1.5;BLO400057;OK;1,09;5;cc/min;;2;N
2026-08-02 18:06:41;Cabeçote;1.5 Turbo;CAB400373;OK;1,56;4;cc/min;;2;N
2026-08-02 18:07:14;Bloco;1.5 Turbo;BLO400058;OK;3,35;5;cc/min;;2;N
2026-08-02 18:07:20;Water Leak;1.0;WAT400963;OK;1,64;6;cc/min;;2;N
2026-08-02 18:07:23;Leak Zero;1.5 Turbo;LEA400693;OK;1,84;3;cc/min;;2;N
2026-08-02 18:07:47;Cabeçote;1.5 Turbo;CAB400374;OK;0,73;4;cc/min;;2;N
2026-08-02 18:08:23;Bloco;1.5 Turbo;BLO400059;OK;2,17;5;cc/min;;2;N
2026-08-02 18:08:38;Water Leak;1.5;WAT400964;OK;1,00;6;cc/min;;2;N
2026-08-02 18:08:43;Leak Zero;1.5 Turbo;LEA400694;OK;1,57;3;cc/min;;2;N
2026-08-02 18:08:52;Cabeçote;1.0;CAB400375;OK;1,63;4;cc/min;;2;N
2026-08-02 18:09:33;Bloco;1.5;BLO400060;OK;3,40;5;cc/min;;2;N
2026-08-02 18:09:55;Water Leak;1.5;WAT400965;OK;3,61;6;cc/min;;2;N
2026-08-02 18:09:57;Cabeçote;1.0;CAB400376;OK;2,67;4;cc/min;;2;N
2026-08-02 18:10:04;Leak Zero;1.5;LEA400695;OK;0,96;3;cc/min;;2;N
2026-08-02 18:10:42;Bloco;1.0;BLO400061;OK;1,66;5;cc/min;;2;N
2026-08-02 18:11:02;Cabeçote;1.5;CAB400377;OK;1,26;4;cc/min;;2;N
2026-08-02 18:11:13;Water Leak;1.0;WAT400966;OK;1,46;6;cc/min;;2;N
2026-08-02 18:11:25;Leak Zero;1.5 Turbo;LEA400696;OK;1,51;3;cc/min;;2;N
2026-08-02 18:11:51;Bloco;1.5 Turbo;BLO400062;OK;2,07;5;cc/min;;2;N
2026-08-02 18:12:08;Cabeçote;1.5 Turbo;CAB400378;OK;1,58;4;cc/min;;2;N
2026-08-02 18:12:30;Water Leak;1.0;WAT400967;OK;2,62;6;cc/min;;2;N
2026-08-02 18:12:45;Leak Zero;1.5;LEA400697;OK;0,50;3;cc/min;;2;N
2026-08-02 18:13:00;Bloco;1.5;BLO400063;OK;1,74;5;cc/min;;2;N
2026-08-02 18:13:13;Cabeçote;1.0;CAB400379;OK;0,99;4;cc/min;;2;N
2026-08-02 18:13:48;Water Leak;1.5;WAT400968;OK;2,61;6;cc/min;;2;N
2026-08-02 18:14:06;Leak Zero;1.5;LEA400698;OK;1,21;3;cc/min;;2;N
2026-08-02 18:14:09;Bloco;1.0;BLO400064;OK;1,76;5;cc/min;;2;N
2026-08-02 18:14:18;Cabeçote;1.5 Turbo;CAB400380;OK;2,64;4;cc/min;;2;N
2026-08-02 18:15:05;Water Leak;1.0;WAT400969;OK;0,98;6;cc/min;;2;N
2026-08-02 18:15:19;Bloco;1.0;BLO400065;OK;1,46;5;cc/min;;2;N
2026-08-02 18:15:23;Cabeçote;1.0;CAB400381;OK;2,55;4;cc/min;;2;N
2026-08-02 18:15:26;Leak Zero;1.5;LEA400699;OK;1,90;3;cc/min;;2;N
2026-08-02 18:16:22;Water Leak;1.0;WAT400970;OK;1,30;6;cc/min;;2;N
2026-08-02 18:16:28;Bloco;1.5 Turbo;BLO400066;OK;2,29;5;cc/min;;2;N
2026-08-02 18:16:29;Cabeçote;1.0;CAB400382;OK;1,75;4;cc/min;;2;N
2026-08-02 18:16:47;Leak Zero;1.0;LEA400700;OK;1,31;3;cc/min;;2;N
2026-08-02 18:17:34;Cabeçote;1.0;CAB400383;OK;1,21;4;cc/min;;2;N
2026-08-02 18:17:37;Bloco;1.5;BLO400067;OK;2,73;5;cc/min;;2;N
2026-08-02 18:17:40;Water Leak;1.5;WAT400971;OK;1,67;6;cc/min;;2;N
2026-08-02 18:18:08;Leak Zero;1.5;LEA400701;OK;0,85;3;cc/min;;2;N
2026-08-02 18:18:39;Cabeçote;1.5 Turbo;CAB400384;OK;2,48;4;cc/min;;2;N
2026-08-02 18:18:46;Bloco;1.5 Turbo;BLO400068;OK;1,54;5;cc/min;;2;N
2026-08-02 18:18:57;Water Leak;1.5;WAT400972;OK;4,07;6;cc/min;;2;N
2026-08-02 18:19:28;Leak Zero;1.5 Turbo;LEA400702;OK;0,93;3;cc/min;;2;N
2026-08-02 18:19:44;Cabeçote;1.0;CAB400385;OK;1,49;4;cc/min;;2;N
2026-08-02 18:19:56;Bloco;1.0;BLO400069;OK;1,32;5;cc/min;;2;N
2026-08-02 18:20:15;Water Leak;1.5 Turbo;WAT400973;OK;2,83;6;cc/min;;2;N
2026-08-02 18:20:49;Leak Zero;1.0;LEA400703;OK;1,73;3;cc/min;;2;N
2026-08-02 18:20:50;Cabeçote;1.0;CAB400386;OK;1,69;4;cc/min;;2;N
2026-08-02 18:21:05;Bloco;1.0;BLO400070;OK;2,96;5;cc/min;;2;N
2026-08-02 18:21:32;Water Leak;1.0;WAT400974;OK;2,59;6;cc/min;;2;N
2026-08-02 18:21:55;Cabeçote;1.5;CAB400387;OK;1,94;4;cc/min;;2;N
2026-08-02 18:22:09;Leak Zero;1.5;LEA400704;OK;0,86;3;cc/min;;2;N
2026-08-02 18:22:14;Bloco;1.5 Turbo;BLO400071;OK;1,86;5;cc/min;;2;N
2026-08-02 18:22:49;Water Leak;1.0;WAT400975;OK;3,43;6;cc/min;;2;N
2026-08-02 18:23:00;Cabeçote;1.5 Turbo;CAB400388;OK;0,96;4;cc/min;;2;N
2026-08-02 18:23:23;Bloco;1.5 Turbo;BLO400072;OK;2,67;5;cc/min;;2;N
2026-08-02 18:23:30;Leak Zero;1.0;LEA400705;OK;0,55;3;cc/min;;2;N
2026-08-02 18:24:05;Cabeçote;1.0;CAB400389;OK;2,07;4;cc/min;;2;N
2026-08-02 18:24:07;Water Leak;1.5;WAT400976;OK;2,78;6;cc/min;;2;N
2026-08-02 18:24:33;Bloco;1.0;BLO400073;OK;1,14;5;cc/min;;2;N
2026-08-02 18:24:51;Leak Zero;1.5 Turbo;LEA400706;OK;1,89;3;cc/min;;2;N
2026-08-02 18:25:11;Cabeçote;1.5 Turbo;CAB400390;OK;1,06;4;cc/min;;2;N
2026-08-02 18:25:24;Water Leak;1.5;WAT400977;OK;1,72;6;cc/min;;2;N
2026-08-02 18:25:42;Bloco;1.5 Turbo;BLO400074;OK;2,00;5;cc/min;;2;N
2026-08-02 18:26:11;Leak Zero;1.5;LEA400707;OK;1,86;3;cc/min;;2;N
2026-08-02 18:26:16;Cabeçote;1.5 Turbo;CAB400391;OK;1,09;4;cc/min;;2;N
2026-08-02 18:26:42;Water Leak;1.5 Turbo;WAT400978;OK;1,12;6;cc/min;;2;N
2026-08-02 18:26:51;Bloco;1.5 Turbo;BLO400075;OK;3,26;5;cc/min;;2;N
2026-08-02 18:27:21;Cabeçote;1.0;CAB400392;OK;0,96;4;cc/min;;2;N
2026-08-02 18:27:32;Leak Zero;1.5 Turbo;LEA400708;OK;2,06;3;cc/min;;2;N
2026-08-02 18:27:59;Water Leak;1.5 Turbo;WAT400979;OK;1,79;6;cc/min;;2;N
2026-08-02 18:28:00;Bloco;1.5;BLO400076;OK;2,03;5;cc/min;;2;N
2026-08-02 18:28:27;Cabeçote;1.5 Turbo;CAB400393;OK;0,96;4;cc/min;;2;N
2026-08-02 18:28:52;Leak Zero;1.5 Turbo;LEA400709;OK;1,09;3;cc/min;;2;N
2026-08-02 18:29:09;Bloco;1.5 Turbo;BLO400077;OK;2,24;5;cc/min;;2;N
2026-08-02 18:29:17;Water Leak;1.0;WAT400980;OK;2,11;6;cc/min;;2;N
2026-08-02 18:29:32;Cabeçote;1.5;CAB400394;OK;2,60;4;cc/min;;2;N
2026-08-02 18:30:13;Leak Zero;1.5 Turbo;LEA400710;OK;0,78;3;cc/min;;2;N
2026-08-02 18:30:19;Bloco;1.5 Turbo;BLO400078;OK;1,60;5;cc/min;;2;N
2026-08-02 18:30:34;Water Leak;1.0;WAT400981;OK;3,65;6;cc/min;;2;N
2026-08-02 18:30:37;Cabeçote;1.0;CAB400395;OK;2,04;4;cc/min;;2;N
2026-08-02 18:31:28;Bloco;1.5;BLO400079;OK;1,86;5;cc/min;;2;N
2026-08-02 18:31:34;Leak Zero;1.5;LEA400711;OK;0,56;3;cc/min;;2;N
2026-08-02 18:31:42;Cabeçote;1.5 Turbo;CAB400396;OK;1,54;4;cc/min;;2;N
2026-08-02 18:31:51;Water Leak;1.0;WAT400982;OK;0,93;6;cc/min;;2;N
2026-08-02 18:32:37;Bloco;1.5 Turbo;BLO400080;OK;2,19;5;cc/min;;2;N
2026-08-02 18:32:48;Cabeçote;1.5 Turbo;CAB400397;OK;1,88;4;cc/min;;2;N
2026-08-02 18:32:54;Leak Zero;1.5 Turbo;LEA400712;OK;0,54;3;cc/min;;2;N
2026-08-02 18:33:09;Water Leak;1.5;WAT400983;OK;3,53;6;cc/min;;2;N
2026-08-02 18:33:46;Bloco;1.5 Turbo;BLO400081;OK;1,56;5;cc/min;;2;N
2026-08-02 18:33:53;Cabeçote;1.5 Turbo;CAB400398;OK;2,75;4;cc/min;;2;N
2026-08-02 18:34:15;Leak Zero;1.0;LEA400713;OK;0,89;3;cc/min;;2;N
2026-08-02 18:34:26;Water Leak;1.0;WAT400984;OK;4,15;6;cc/min;;2;N
2026-08-02 18:34:56;Bloco;1.5 Turbo;BLO400082;OK;3,44;5;cc/min;;2;N
2026-08-02 18:34:58;Cabeçote;1.0;CAB400399;OK;2,34;4;cc/min;;2;N
2026-08-02 18:35:35;Leak Zero;1.5;LEA400714;OK;1,09;3;cc/min;;2;N
2026-08-02 18:35:44;Water Leak;1.0;WAT400985;OK;1,01;6;cc/min;;2;N
2026-08-02 18:36:03;Cabeçote;1.5 Turbo;CAB400400;OK;0,88;4;cc/min;;2;N
2026-08-02 18:36:05;Bloco;1.0;BLO400083;OK;2,02;5;cc/min;;2;N
2026-08-02 18:36:56;Leak Zero;1.0;LEA400715;OK;1,15;3;cc/min;;2;N
2026-08-02 18:37:01;Water Leak;1.0;WAT400986;OK;1,72;6;cc/min;;2;N
2026-08-02 18:37:09;Cabeçote;1.5 Turbo;CAB400401;NOK;9,09;4;cc/min;Sede de válvula;2;N
2026-08-02 18:37:14;Bloco;1.5 Turbo;BLO400084;OK;1,04;5;cc/min;;2;N
2026-08-02 18:38:14;Cabeçote;1.5 Turbo;CAB400402;OK;2,29;4;cc/min;;2;N
2026-08-02 18:38:17;Leak Zero;1.5 Turbo;LEA400716;OK;1,33;3;cc/min;;2;N
2026-08-02 18:38:18;Water Leak;1.5 Turbo;WAT400987;OK;3,79;6;cc/min;;2;N
2026-08-02 18:38:23;Bloco;1.5 Turbo;BLO400085;OK;2,79;5;cc/min;;2;N
2026-08-02 18:39:19;Cabeçote;1.5;CAB400403;OK;2,60;4;cc/min;;2;N
2026-08-02 18:39:33;Bloco;1.0;BLO400086;OK;1,06;5;cc/min;;2;N
2026-08-02 18:39:36;Water Leak;1.5 Turbo;WAT400988;OK;3,14;6;cc/min;;2;N
2026-08-02 18:39:37;Leak Zero;1.5;LEA400717;NOK;8,19;3;cc/min;Junta do cabeçote;2;N
2026-08-02 18:40:24;Cabeçote;1.5;CAB400404;OK;1,59;4;cc/min;;2;N
2026-08-02 18:40:42;Bloco;1.5 Turbo;BLO400087;OK;1,80;5;cc/min;;2;N
2026-08-02 18:40:53;Water Leak;1.0;WAT400989;OK;1,21;6;cc/min;;2;N
2026-08-02 18:40:58;Leak Zero;1.5;LEA400718;OK;1,79;3;cc/min;;2;N
2026-08-02 18:41:30;Cabeçote;1.0;CAB400405;OK;1,79;4;cc/min;;2;N
2026-08-02 18:41:51;Bloco;1.5;BLO400088;OK;3,11;5;cc/min;;2;N
2026-08-02 18:42:11;Water Leak;1.5 Turbo;WAT400990;OK;2,78;6;cc/min;;2;N
2026-08-02 18:42:18;Leak Zero;1.5;LEA400719;OK;0,86;3;cc/min;;2;N
2026-08-02 18:42:35;Cabeçote;1.5;CAB400406;OK;0,99;4;cc/min;;2;N
2026-08-02 18:43:00;Bloco;1.0;BLO400089;OK;3,24;5;cc/min;;2;N
2026-08-02 18:43:28;Water Leak;1.5;WAT400991;OK;3,53;6;cc/min;;2;N
2026-08-02 18:43:39;Leak Zero;1.5 Turbo;LEA400720;OK;1,86;3;cc/min;;2;N
2026-08-02 18:43:40;Cabeçote;1.5 Turbo;CAB400407;OK;2,40;4;cc/min;;2;N
2026-08-02 18:44:09;Bloco;1.5;BLO400090;OK;1,19;5;cc/min;;2;N
2026-08-02 18:44:45;Cabeçote;1.0;CAB400408;OK;2,40;4;cc/min;;2;N
2026-08-02 18:44:46;Water Leak;1.5;WAT400992;OK;3,92;6;cc/min;;2;N
2026-08-02 18:45:00;Leak Zero;1.0;LEA400721;OK;1,79;3;cc/min;;2;N
2026-08-02 18:45:19;Bloco;1.5;BLO400091;OK;1,09;5;cc/min;;2;N
2026-08-02 18:45:51;Cabeçote;1.5 Turbo;CAB400409;OK;1,36;4;cc/min;;2;N
2026-08-02 18:46:03;Water Leak;1.5;WAT400993;OK;2,92;6;cc/min;;2;N
2026-08-02 18:46:20;Leak Zero;1.5 Turbo;LEA400722;OK;1,26;3;cc/min;;2;N
2026-08-02 18:46:28;Bloco;1.5;BLO400092;OK;1,56;5;cc/min;;2;N
2026-08-02 18:46:56;Cabeçote;1.0;CAB400410;OK;2,04;4;cc/min;;2;N
2026-08-02 18:47:20;Water Leak;1.0;WAT400994;OK;3,98;6;cc/min;;2;N
2026-08-02 18:47:37;Bloco;1.0;BLO400093;OK;2,14;5;cc/min;;2;N
2026-08-02 18:47:41;Leak Zero;1.5;LEA400723;OK;1,05;3;cc/min;;2;N
2026-08-02 18:48:01;Cabeçote;1.5;CAB400411;OK;2,51;4;cc/min;;2;N
2026-08-02 18:48:38;Water Leak;1.5 Turbo;WAT400995;OK;2,71;6;cc/min;;2;N
2026-08-02 18:48:46;Bloco;1.0;BLO400094;OK;2,47;5;cc/min;;2;N
2026-08-02 18:49:01;Leak Zero;1.5 Turbo;LEA400724;OK;0,72;3;cc/min;;2;N
2026-08-02 18:49:06;Cabeçote;1.5;CAB400412;OK;0,84;4;cc/min;;2;N
2026-08-02 18:49:55;Water Leak;1.5 Turbo;WAT400996;OK;1,57;6;cc/min;;2;N
2026-08-02 18:49:56;Bloco;1.0;BLO400095;OK;1,59;5;cc/min;;2;N
2026-08-02 18:50:12;Cabeçote;1.5 Turbo;CAB400413;OK;2,69;4;cc/min;;2;N
2026-08-02 18:50:22;Leak Zero;1.5;LEA400725;OK;0,70;3;cc/min;;2;N
2026-08-02 18:51:05;Bloco;1.0;BLO400096;OK;1,11;5;cc/min;;2;N
2026-08-02 18:51:13;Water Leak;1.0;WAT400997;OK;3,33;6;cc/min;;2;N
2026-08-02 18:51:17;Cabeçote;1.5;CAB400414;OK;0,85;4;cc/min;;2;N
2026-08-02 18:51:43;Leak Zero;1.5 Turbo;LEA400726;OK;0,76;3;cc/min;;2;N
2026-08-02 18:52:14;Bloco;1.5;BLO400097;OK;2,27;5;cc/min;;2;N
2026-08-02 18:52:22;Cabeçote;1.5 Turbo;CAB400415;OK;2,37;4;cc/min;;2;N
2026-08-02 18:52:30;Water Leak;1.0;WAT400998;OK;3,15;6;cc/min;;2;N
2026-08-02 18:53:03;Leak Zero;1.5;LEA400727;OK;0,50;3;cc/min;;2;N
2026-08-02 18:53:23;Bloco;1.5 Turbo;BLO400098;OK;3,27;5;cc/min;;2;N
2026-08-02 18:53:27;Cabeçote;1.5;CAB400416;OK;1,15;4;cc/min;;2;N
2026-08-02 18:53:48;Water Leak;1.5;WAT400999;OK;1,29;6;cc/min;;2;N
2026-08-02 18:54:24;Leak Zero;1.5;LEA400728;OK;1,88;3;cc/min;;2;N
2026-08-02 18:54:33;Bloco;1.5 Turbo;BLO400099;OK;1,57;5;cc/min;;2;N
2026-08-02 18:54:33;Cabeçote;1.5;CAB400417;OK;1,78;4;cc/min;;2;N
2026-08-02 18:55:05;Water Leak;1.5 Turbo;WAT401000;OK;1,51;6;cc/min;;2;N
2026-08-02 18:55:38;Cabeçote;1.0;CAB400418;OK;1,52;4;cc/min;;2;N
2026-08-02 18:55:42;Bloco;1.5 Turbo;BLO400100;OK;1,06;5;cc/min;;2;N
2026-08-02 18:55:44;Leak Zero;1.0;LEA400729;OK;1,86;3;cc/min;;2;N
2026-08-02 18:56:22;Water Leak;1.5;WAT401001;OK;3,78;6;cc/min;;2;N
2026-08-02 18:56:43;Cabeçote;1.5;CAB400419;OK;0,98;4;cc/min;;2;N
2026-08-02 18:56:51;Bloco;1.0;BLO400101;OK;1,22;5;cc/min;;2;N
2026-08-02 18:57:05;Leak Zero;1.0;LEA400730;OK;1,78;3;cc/min;;2;N
2026-08-02 18:57:40;Water Leak;1.0;WAT401002;OK;2,72;6;cc/min;;2;N
2026-08-02 18:57:48;Cabeçote;1.0;CAB400420;OK;2,06;4;cc/min;;2;N
2026-08-02 18:58:00;Bloco;1.5;BLO400102;OK;0,94;5;cc/min;;2;N
2026-08-02 18:58:26;Leak Zero;1.5;LEA400731;OK;1,70;3;cc/min;;2;N
2026-08-02 18:58:54;Cabeçote;1.5;CAB400421;OK;2,11;4;cc/min;;2;N
2026-08-02 18:58:57;Water Leak;1.5 Turbo;WAT401003;OK;2,78;6;cc/min;;2;N
2026-08-02 18:59:09;Bloco;1.0;BLO400103;OK;1,45;5;cc/min;;2;N
2026-08-02 18:59:46;Leak Zero;1.5 Turbo;LEA400732;OK;1,45;3;cc/min;;2;N
2026-08-02 18:59:59;Cabeçote;1.0;CAB400422;OK;2,52;4;cc/min;;2;N
2026-08-02 19:00:15;Water Leak;1.5;WAT401004;OK;1,31;6;cc/min;;2;N
2026-08-02 19:00:19;Bloco;1.5;BLO400104;OK;3,19;5;cc/min;;2;N
2026-08-02 19:01:04;Cabeçote;1.5;CAB400423;OK;1,29;4;cc/min;;2;N
2026-08-02 19:01:07;Leak Zero;1.5;LEA400733;OK;1,45;3;cc/min;;2;N
2026-08-02 19:01:09;Cabeçote;1.5 Turbo;CAB400401;OK;1,80;4;cc/min;;2;S
2026-08-02 19:01:28;Bloco;1.5 Turbo;BLO400105;OK;2,64;5;cc/min;;2;N
2026-08-02 19:01:32;Water Leak;1.5;WAT401005;OK;2,65;6;cc/min;;2;N
2026-08-02 19:02:09;Cabeçote;1.0;CAB400424;OK;0,82;4;cc/min;;2;N
2026-08-02 19:02:27;Leak Zero;1.0;LEA400734;OK;1,68;3;cc/min;;2;N
2026-08-02 19:02:37;Bloco;1.5 Turbo;BLO400106;OK;2,00;5;cc/min;;2;N
2026-08-02 19:02:49;Water Leak;1.5;WAT401006;OK;3,16;6;cc/min;;2;N
2026-08-02 19:03:15;Cabeçote;1.5;CAB400425;OK;2,19;4;cc/min;;2;N
2026-08-02 19:03:37;Leak Zero;1.5;LEA400717;NOK;1,35;3;cc/min;;2;S
2026-08-02 19:03:46;Bloco;1.5;BLO400107;OK;1,55;5;cc/min;;2;N
2026-08-02 19:03:48;Leak Zero;1.0;LEA400735;OK;1,49;3;cc/min;;2;N
2026-08-02 19:04:07;Water Leak;1.5 Turbo;WAT401007;OK;2,47;6;cc/min;;2;N
2026-08-02 19:04:20;Cabeçote;1.5;CAB400426;OK;0,61;4;cc/min;;2;N
2026-08-02 19:04:56;Bloco;1.5 Turbo;BLO400108;OK;2,29;5;cc/min;;2;N
2026-08-02 19:05:09;Leak Zero;1.0;LEA400736;OK;0,82;3;cc/min;;2;N
2026-08-02 19:05:24;Water Leak;1.5;WAT401008;OK;3,51;6;cc/min;;2;N
2026-08-02 19:05:25;Cabeçote;1.5;CAB400427;OK;0,66;4;cc/min;;2;N
2026-08-02 19:06:05;Bloco;1.0;BLO400109;OK;0,82;5;cc/min;;2;N
2026-08-02 19:06:29;Leak Zero;1.5 Turbo;LEA400737;OK;1,12;3;cc/min;;2;N
2026-08-02 19:06:30;Cabeçote;1.0;CAB400428;OK;1,56;4;cc/min;;2;N
2026-08-02 19:06:42;Water Leak;1.5 Turbo;WAT401009;OK;4,16;6;cc/min;;2;N
2026-08-02 19:07:14;Bloco;1.5 Turbo;BLO400110;OK;2,05;5;cc/min;;2;N
2026-08-02 19:07:36;Cabeçote;1.5;CAB400429;OK;1,66;4;cc/min;;2;N
2026-08-02 19:07:50;Leak Zero;1.0;LEA400738;OK;1,12;3;cc/min;;2;N
2026-08-02 19:07:59;Water Leak;1.0;WAT401010;OK;1,62;6;cc/min;;2;N
2026-08-02 19:08:23;Bloco;1.0;BLO400111;OK;1,22;5;cc/min;;2;N
2026-08-02 19:08:41;Cabeçote;1.0;CAB400430;OK;2,16;4;cc/min;;2;N
2026-08-02 19:09:10;Leak Zero;1.5 Turbo;LEA400739;OK;1,56;3;cc/min;;2;N
2026-08-02 19:09:17;Water Leak;1.5 Turbo;WAT401011;OK;1,04;6;cc/min;;2;N
2026-08-02 19:09:33;Bloco;1.5 Turbo;BLO400112;OK;3,05;5;cc/min;;2;N
2026-08-02 19:09:46;Cabeçote;1.5;CAB400431;OK;2,65;4;cc/min;;2;N
2026-08-02 19:10:31;Leak Zero;1.0;LEA400740;OK;0,69;3;cc/min;;2;N
2026-08-02 19:10:34;Water Leak;1.5 Turbo;WAT401012;OK;0,93;6;cc/min;;2;N
2026-08-02 19:10:42;Bloco;1.0;BLO400113;OK;0,88;5;cc/min;;2;N
2026-08-02 19:10:52;Cabeçote;1.5 Turbo;CAB400432;OK;1,53;4;cc/min;;2;N
2026-08-02 19:11:51;Bloco;1.0;BLO400114;OK;2,03;5;cc/min;;2;N
2026-08-02 19:11:51;Water Leak;1.5 Turbo;WAT401013;OK;3,53;6;cc/min;;2;N
2026-08-02 19:11:52;Leak Zero;1.5;LEA400741;NOK;6,05;3;cc/min;Junta do cabeçote;2;N
2026-08-02 19:11:57;Cabeçote;1.0;CAB400433;OK;1,88;4;cc/min;;2;N
2026-08-02 19:13:00;Bloco;1.5;BLO400115;OK;2,19;5;cc/min;;2;N
2026-08-02 19:13:02;Cabeçote;1.5;CAB400434;OK;0,62;4;cc/min;;2;N
2026-08-02 19:13:09;Water Leak;1.0;WAT401014;OK;3,97;6;cc/min;;2;N
2026-08-02 19:13:12;Leak Zero;1.5;LEA400742;OK;1,80;3;cc/min;;2;N
2026-08-02 19:14:07;Cabeçote;1.5 Turbo;CAB400435;OK;2,53;4;cc/min;;2;N
2026-08-02 19:14:09;Bloco;1.0;BLO400116;OK;3,50;5;cc/min;;2;N
2026-08-02 19:14:26;Water Leak;1.0;WAT401015;OK;2,60;6;cc/min;;2;N
2026-08-02 19:14:33;Leak Zero;1.5;LEA400743;OK;0,70;3;cc/min;;2;N
2026-08-02 19:15:13;Cabeçote;1.5 Turbo;CAB400436;OK;0,91;4;cc/min;;2;N
2026-08-02 19:15:19;Bloco;1.5;BLO400117;OK;2,03;5;cc/min;;2;N
2026-08-02 19:15:44;Water Leak;1.0;WAT401016;OK;2,04;6;cc/min;;2;N
2026-08-02 19:15:53;Leak Zero;1.5 Turbo;LEA400744;OK;1,68;3;cc/min;;2;N
2026-08-02 19:16:18;Cabeçote;1.5;CAB400437;OK;2,55;4;cc/min;;2;N
2026-08-02 19:16:28;Bloco;1.0;BLO400118;OK;1,92;5;cc/min;;2;N
2026-08-02 19:17:01;Water Leak;1.0;WAT401017;OK;1,16;6;cc/min;;2;N
2026-08-02 19:17:14;Leak Zero;1.5 Turbo;LEA400745;OK;2,06;3;cc/min;;2;N
2026-08-02 19:17:23;Cabeçote;1.5;CAB400438;OK;0,65;4;cc/min;;2;N
2026-08-02 19:17:37;Bloco;1.5 Turbo;BLO400119;OK;1,43;5;cc/min;;2;N
2026-08-02 19:18:18;Water Leak;1.0;WAT401018;OK;2,09;6;cc/min;;2;N
2026-08-02 19:18:28;Cabeçote;1.5 Turbo;CAB400439;OK;2,08;4;cc/min;;2;N
2026-08-02 19:18:35;Leak Zero;1.5 Turbo;LEA400746;OK;0,56;3;cc/min;;2;N
2026-08-02 19:18:46;Bloco;1.5;BLO400120;OK;2,35;5;cc/min;;2;N
2026-08-02 19:19:34;Cabeçote;1.5 Turbo;CAB400440;OK;2,09;4;cc/min;;2;N
2026-08-02 19:19:36;Water Leak;1.5 Turbo;WAT401019;OK;3,70;6;cc/min;;2;N
2026-08-02 19:19:55;Leak Zero;1.0;LEA400747;OK;1,58;3;cc/min;;2;N
2026-08-02 19:19:56;Bloco;1.0;BLO400121;OK;3,01;5;cc/min;;2;N
2026-08-02 19:20:39;Cabeçote;1.5 Turbo;CAB400441;OK;2,18;4;cc/min;;2;N
2026-08-02 19:20:53;Water Leak;1.5 Turbo;WAT401020;OK;3,93;6;cc/min;;2;N
2026-08-02 19:21:05;Bloco;1.5;BLO400122;OK;1,75;5;cc/min;;2;N
2026-08-02 19:21:16;Leak Zero;1.5 Turbo;LEA400748;OK;0,75;3;cc/min;;2;N
2026-08-02 19:21:44;Cabeçote;1.5 Turbo;CAB400442;OK;0,65;4;cc/min;;2;N
2026-08-02 19:22:11;Water Leak;1.5;WAT401021;OK;2,13;6;cc/min;;2;N
2026-08-02 19:22:14;Bloco;1.5 Turbo;BLO400123;OK;2,29;5;cc/min;;2;N
2026-08-02 19:22:36;Leak Zero;1.0;LEA400749;OK;1,19;3;cc/min;;2;N
2026-08-02 19:22:49;Cabeçote;1.5 Turbo;CAB400443;OK;0,90;4;cc/min;;2;N
2026-08-02 19:23:23;Bloco;1.5;BLO400124;OK;1,91;5;cc/min;;2;N
2026-08-02 19:23:28;Water Leak;1.5;WAT401022;OK;2,23;6;cc/min;;2;N
2026-08-02 19:23:55;Cabeçote;1.5;CAB400444;OK;2,27;4;cc/min;;2;N
2026-08-02 19:23:57;Leak Zero;1.0;LEA400750;OK;1,70;3;cc/min;;2;N
2026-08-02 19:24:33;Bloco;1.5 Turbo;BLO400125;OK;1,04;5;cc/min;;2;N
2026-08-02 19:24:46;Water Leak;1.5;WAT401023;OK;1,93;6;cc/min;;2;N
2026-08-02 19:25:00;Cabeçote;1.5;CAB400445;OK;2,56;4;cc/min;;2;N
2026-08-02 19:25:18;Leak Zero;1.5;LEA400751;OK;1,62;3;cc/min;;2;N
2026-08-02 19:25:42;Bloco;1.5 Turbo;BLO400126;OK;2,59;5;cc/min;;2;N
2026-08-02 19:26:03;Water Leak;1.0;WAT401024;OK;3,30;6;cc/min;;2;N
2026-08-02 19:26:05;Cabeçote;1.5;CAB400446;OK;1,59;4;cc/min;;2;N
2026-08-02 19:26:38;Leak Zero;1.5;LEA400752;OK;1,12;3;cc/min;;2;N
2026-08-02 19:26:51;Bloco;1.0;BLO400127;OK;3,48;5;cc/min;;2;N
2026-08-02 19:27:10;Cabeçote;1.0;CAB400447;OK;1,75;4;cc/min;;2;N
2026-08-02 19:27:20;Water Leak;1.5 Turbo;WAT401025;OK;2,65;6;cc/min;;2;N
2026-08-02 19:27:59;Leak Zero;1.5;LEA400753;OK;0,94;3;cc/min;;2;N
2026-08-02 19:28:00;Bloco;1.0;BLO400128;OK;1,84;5;cc/min;;2;N
2026-08-02 19:28:16;Cabeçote;1.5;CAB400448;OK;2,43;4;cc/min;;2;N
2026-08-02 19:28:38;Water Leak;1.5 Turbo;WAT401026;OK;3,51;6;cc/min;;2;N
2026-08-02 19:29:09;Bloco;1.0;BLO400129;OK;1,27;5;cc/min;;2;N
2026-08-02 19:29:19;Leak Zero;1.0;LEA400754;OK;1,10;3;cc/min;;2;N
2026-08-02 19:29:21;Cabeçote;1.0;CAB400449;OK;2,14;4;cc/min;;2;N
2026-08-02 19:29:55;Water Leak;1.0;WAT401027;OK;4,17;6;cc/min;;2;N
2026-08-02 19:30:19;Bloco;1.5;BLO400130;OK;2,20;5;cc/min;;2;N
2026-08-02 19:30:26;Cabeçote;1.0;CAB400450;OK;1,30;4;cc/min;;2;N
2026-08-02 19:30:40;Leak Zero;1.5 Turbo;LEA400755;OK;0,71;3;cc/min;;2;N
2026-08-02 19:31:13;Water Leak;1.5;WAT401028;OK;0,93;6;cc/min;;2;N
2026-08-02 19:31:28;Bloco;1.5 Turbo;BLO400131;OK;1,75;5;cc/min;;2;N
2026-08-02 19:31:31;Cabeçote;1.5 Turbo;CAB400451;OK;1,99;4;cc/min;;2;N
2026-08-02 19:32:00;Leak Zero;1.5 Turbo;LEA400756;OK;1,05;3;cc/min;;2;N
2026-08-02 19:32:30;Water Leak;1.5;WAT401029;OK;3,67;6;cc/min;;2;N
2026-08-02 19:32:37;Bloco;1.5;BLO400132;OK;3,13;5;cc/min;;2;N
2026-08-02 19:32:37;Cabeçote;1.5;CAB400452;OK;2,27;4;cc/min;;2;N
2026-08-02 19:33:21;Leak Zero;1.0;LEA400757;OK;1,34;3;cc/min;;2;N
2026-08-02 19:33:42;Cabeçote;1.5 Turbo;CAB400453;OK;0,89;4;cc/min;;2;N
2026-08-02 19:33:46;Bloco;1.0;BLO400133;OK;1,92;5;cc/min;;2;N
2026-08-02 19:33:48;Water Leak;1.0;WAT401030;OK;1,80;6;cc/min;;2;N
2026-08-02 19:34:42;Leak Zero;1.0;LEA400758;OK;1,32;3;cc/min;;2;N
2026-08-02 19:34:47;Cabeçote;1.0;CAB400454;OK;2,79;4;cc/min;;2;N
2026-08-02 19:34:56;Bloco;1.5;BLO400134;OK;1,01;5;cc/min;;2;N
2026-08-02 19:35:05;Water Leak;1.5;WAT401031;OK;4,17;6;cc/min;;2;N
2026-08-02 19:35:52;Cabeçote;1.5;CAB400455;OK;2,70;4;cc/min;;2;N
2026-08-02 19:35:52;Leak Zero;1.5;LEA400741;OK;1,35;3;cc/min;;2;S
2026-08-02 19:36:02;Leak Zero;1.5;LEA400759;OK;0,94;3;cc/min;;2;N
2026-08-02 19:36:05;Bloco;1.0;BLO400135;OK;2,51;5;cc/min;;2;N
2026-08-02 19:36:22;Water Leak;1.5 Turbo;WAT401032;OK;3,96;6;cc/min;;2;N
2026-08-02 19:36:58;Cabeçote;1.0;CAB400456;OK;1,37;4;cc/min;;2;N
2026-08-02 19:37:14;Bloco;1.5;BLO400136;OK;2,27;5;cc/min;;2;N
2026-08-02 19:37:23;Leak Zero;1.5 Turbo;LEA400760;OK;1,24;3;cc/min;;2;N
2026-08-02 19:37:40;Water Leak;1.5;WAT401033;OK;2,14;6;cc/min;;2;N
2026-08-02 19:38:03;Cabeçote;1.0;CAB400457;OK;1,63;4;cc/min;;2;N
2026-08-02 19:38:23;Bloco;1.5;BLO400137;OK;3,49;5;cc/min;;2;N
2026-08-02 19:38:43;Leak Zero;1.0;LEA400761;OK;1,86;3;cc/min;;2;N
2026-08-02 19:38:57;Water Leak;1.5 Turbo;WAT401034;OK;3,12;6;cc/min;;2;N
2026-08-02 19:39:08;Cabeçote;1.5;CAB400458;OK;2,66;4;cc/min;;2;N
2026-08-02 19:39:33;Bloco;1.0;BLO400138;OK;2,52;5;cc/min;;2;N
2026-08-02 19:40:04;Leak Zero;1.5 Turbo;LEA400762;OK;1,25;3;cc/min;;2;N
2026-08-02 19:40:13;Cabeçote;1.5;CAB400459;OK;1,68;4;cc/min;;2;N
2026-08-02 19:40:15;Water Leak;1.5 Turbo;WAT401035;OK;3,11;6;cc/min;;2;N
2026-08-02 19:40:42;Bloco;1.0;BLO400139;OK;1,28;5;cc/min;;2;N
2026-08-02 19:41:19;Cabeçote;1.5;CAB400460;OK;2,47;4;cc/min;;2;N
2026-08-02 19:41:25;Leak Zero;1.5 Turbo;LEA400763;OK;0,73;3;cc/min;;2;N
2026-08-02 19:41:32;Water Leak;1.5;WAT401036;OK;3,32;6;cc/min;;2;N
2026-08-02 19:41:51;Bloco;1.0;BLO400140;OK;3,47;5;cc/min;;2;N
2026-08-02 19:42:24;Cabeçote;1.5;CAB400461;OK;2,42;4;cc/min;;2;N
2026-08-02 19:42:45;Leak Zero;1.5;LEA400764;OK;1,53;3;cc/min;;2;N
2026-08-02 19:42:49;Water Leak;1.0;WAT401037;OK;1,46;6;cc/min;;2;N
2026-08-02 19:43:00;Bloco;1.5 Turbo;BLO400141;OK;1,15;5;cc/min;;2;N
2026-08-02 19:43:29;Cabeçote;1.0;CAB400462;OK;1,97;4;cc/min;;2;N
2026-08-02 19:44:06;Leak Zero;1.0;LEA400765;OK;0,48;3;cc/min;;2;N
2026-08-02 19:44:07;Water Leak;1.5;WAT401038;OK;3,24;6;cc/min;;2;N
2026-08-02 19:44:09;Bloco;1.5;BLO400142;OK;2,98;5;cc/min;;2;N
2026-08-02 19:44:34;Cabeçote;1.5;CAB400463;OK;1,79;4;cc/min;;2;N
2026-08-02 19:45:19;Bloco;1.0;BLO400143;OK;1,19;5;cc/min;;2;N
2026-08-02 19:45:24;Water Leak;1.0;WAT401039;OK;2,80;6;cc/min;;2;N
2026-08-02 19:45:26;Leak Zero;1.5;LEA400766;OK;0,95;3;cc/min;;2;N
2026-08-02 19:45:40;Cabeçote;1.5;CAB400464;OK;1,00;4;cc/min;;2;N
2026-08-02 19:46:28;Bloco;1.5 Turbo;BLO400144;OK;2,58;5;cc/min;;2;N
2026-08-02 19:46:42;Water Leak;1.5;WAT401040;OK;1,86;6;cc/min;;2;N
2026-08-02 19:46:45;Cabeçote;1.5 Turbo;CAB400465;OK;0,71;4;cc/min;;2;N
2026-08-02 19:46:47;Leak Zero;1.5 Turbo;LEA400767;OK;1,17;3;cc/min;;2;N
2026-08-02 19:47:37;Bloco;1.0;BLO400145;OK;3,47;5;cc/min;;2;N
2026-08-02 19:47:50;Cabeçote;1.0;CAB400466;OK;2,60;4;cc/min;;2;N
2026-08-02 19:47:59;Water Leak;1.0;WAT401041;OK;3,07;6;cc/min;;2;N
2026-08-02 19:48:08;Leak Zero;1.5;LEA400768;OK;1,79;3;cc/min;;2;N
2026-08-02 19:48:46;Bloco;1.5 Turbo;BLO400146;OK;2,30;5;cc/min;;2;N
2026-08-02 19:48:56;Cabeçote;1.0;CAB400467;OK;2,44;4;cc/min;;2;N
2026-08-02 19:49:17;Water Leak;1.5;WAT401042;OK;2,04;6;cc/min;;2;N
2026-08-02 19:49:28;Leak Zero;1.0;LEA400769;OK;1,26;3;cc/min;;2;N
2026-08-02 19:49:56;Bloco;1.0;BLO400147;OK;2,56;5;cc/min;;2;N
2026-08-02 19:50:01;Cabeçote;1.0;CAB400468;OK;1,28;4;cc/min;;2;N
2026-08-02 19:50:34;Water Leak;1.5 Turbo;WAT401043;OK;3,56;6;cc/min;;2;N
2026-08-02 19:50:49;Leak Zero;1.5;LEA400770;OK;1,14;3;cc/min;;2;N
2026-08-02 19:51:05;Bloco;1.0;BLO400148;OK;1,20;5;cc/min;;2;N
2026-08-02 19:51:06;Cabeçote;1.5;CAB400469;OK;0,86;4;cc/min;;2;N
2026-08-02 19:51:51;Water Leak;1.0;WAT401044;OK;3,16;6;cc/min;;2;N
2026-08-02 19:52:09;Leak Zero;1.5;LEA400771;OK;2,06;3;cc/min;;2;N
2026-08-02 19:52:11;Cabeçote;1.0;CAB400470;OK;2,50;4;cc/min;;2;N
2026-08-02 19:52:14;Bloco;1.5 Turbo;BLO400149;OK;2,23;5;cc/min;;2;N
2026-08-02 19:53:09;Water Leak;1.5 Turbo;WAT401045;OK;1,03;6;cc/min;;2;N
2026-08-02 19:53:17;Cabeçote;1.5 Turbo;CAB400471;OK;1,62;4;cc/min;;2;N
2026-08-02 19:53:23;Bloco;1.5;BLO400150;OK;1,55;5;cc/min;;2;N
2026-08-02 19:53:30;Leak Zero;1.5;LEA400772;OK;1,48;3;cc/min;;2;N
2026-08-02 19:54:22;Cabeçote;1.5 Turbo;CAB400472;OK;2,22;4;cc/min;;2;N
2026-08-02 19:54:26;Water Leak;1.5 Turbo;WAT401046;OK;3,99;6;cc/min;;2;N
2026-08-02 19:54:33;Bloco;1.0;BLO400151;OK;2,84;5;cc/min;;2;N
2026-08-02 19:54:51;Leak Zero;1.5;LEA400773;OK;1,69;3;cc/min;;2;N
2026-08-02 19:55:27;Cabeçote;1.5;CAB400473;OK;2,65;4;cc/min;;2;N
2026-08-02 19:55:42;Bloco;1.0;BLO400152;OK;2,16;5;cc/min;;2;N
2026-08-02 19:55:44;Water Leak;1.5;WAT401047;OK;1,33;6;cc/min;;2;N
2026-08-02 19:56:11;Leak Zero;1.5 Turbo;LEA400774;OK;0,61;3;cc/min;;2;N
2026-08-02 19:56:32;Cabeçote;1.5 Turbo;CAB400474;OK;0,78;4;cc/min;;2;N
2026-08-02 19:56:51;Bloco;1.5;BLO400153;OK;3,37;5;cc/min;;2;N
2026-08-02 19:57:01;Water Leak;1.0;WAT401048;OK;2,57;6;cc/min;;2;N
2026-08-02 19:57:32;Leak Zero;1.5 Turbo;LEA400775;OK;1,86;3;cc/min;;2;N
2026-08-02 19:57:38;Cabeçote;1.0;CAB400475;OK;1,52;4;cc/min;;2;N
2026-08-02 19:58:00;Bloco;1.5 Turbo;BLO400154;OK;2,59;5;cc/min;;2;N
2026-08-02 19:58:18;Water Leak;1.0;WAT401049;OK;3,40;6;cc/min;;2;N
2026-08-02 19:58:43;Cabeçote;1.5;CAB400476;OK;1,09;4;cc/min;;2;N
2026-08-02 19:58:52;Leak Zero;1.5 Turbo;LEA400776;OK;0,57;3;cc/min;;2;N
2026-08-02 19:59:09;Bloco;1.5 Turbo;BLO400155;OK;1,79;5;cc/min;;2;N
2026-08-02 19:59:36;Water Leak;1.0;WAT401050;OK;1,50;6;cc/min;;2;N
2026-08-02 19:59:48;Cabeçote;1.5;CAB400477;OK;2,52;4;cc/min;;2;N
2026-08-02 20:00:13;Leak Zero;1.5;LEA400777;OK;2,06;3;cc/min;;2;N
2026-08-02 20:00:19;Bloco;1.0;BLO400156;OK;1,78;5;cc/min;;2;N
2026-08-02 20:00:53;Cabeçote;1.5;CAB400478;OK;1,53;4;cc/min;;2;N
2026-08-02 20:00:53;Water Leak;1.5;WAT401051;OK;3,16;6;cc/min;;2;N
2026-08-02 20:01:28;Bloco;1.0;BLO400157;OK;2,88;5;cc/min;;2;N
2026-08-02 20:01:34;Leak Zero;1.5 Turbo;LEA400778;OK;1,87;3;cc/min;;2;N
2026-08-02 20:01:59;Cabeçote;1.5 Turbo;CAB400479;NOK;5,24;4;cc/min;Sede de válvula;2;N
2026-08-02 20:02:11;Water Leak;1.5 Turbo;WAT401052;OK;1,66;6;cc/min;;2;N
2026-08-02 20:02:37;Bloco;1.0;BLO400158;OK;3,34;5;cc/min;;2;N
2026-08-02 20:02:54;Leak Zero;1.5;LEA400779;OK;1,14;3;cc/min;;2;N
2026-08-02 20:03:04;Cabeçote;1.5 Turbo;CAB400480;NOK;5,38;4;cc/min;Câmara de combustão;2;N
2026-08-02 20:03:28;Water Leak;1.0;WAT401053;OK;2,15;6;cc/min;;2;N
2026-08-02 20:03:46;Bloco;1.5;BLO400159;OK;2,94;5;cc/min;;2;N
2026-08-02 20:04:09;Cabeçote;1.5;CAB400481;OK;2,75;4;cc/min;;2;N
2026-08-02 20:04:15;Leak Zero;1.0;LEA400780;OK;0,79;3;cc/min;;2;N
2026-08-02 20:04:46;Water Leak;1.5;WAT401054;OK;2,07;6;cc/min;;2;N
2026-08-02 20:04:56;Bloco;1.5;BLO400160;OK;0,82;5;cc/min;;2;N
2026-08-02 20:05:14;Cabeçote;1.0;CAB400482;OK;2,35;4;cc/min;;2;N
2026-08-02 20:05:35;Leak Zero;1.0;LEA400781;OK;0,87;3;cc/min;;2;N
2026-08-02 20:06:03;Water Leak;1.5 Turbo;WAT401055;OK;2,29;6;cc/min;;2;N
2026-08-02 20:06:05;Bloco;1.0;BLO400161;OK;1,51;5;cc/min;;2;N
2026-08-02 20:06:20;Cabeçote;1.5 Turbo;CAB400483;OK;1,03;4;cc/min;;2;N
2026-08-02 20:06:56;Leak Zero;1.0;LEA400782;OK;2,00;3;cc/min;;2;N
2026-08-02 20:07:14;Bloco;1.0;BLO400162;OK;2,92;5;cc/min;;2;N
2026-08-02 20:07:20;Water Leak;1.0;WAT401056;OK;1,76;6;cc/min;;2;N
2026-08-02 20:07:25;Cabeçote;1.0;CAB400484;OK;1,11;4;cc/min;;2;N
2026-08-02 20:08:17;Leak Zero;1.5 Turbo;LEA400783;OK;0,88;3;cc/min;;2;N
2026-08-02 20:08:23;Bloco;1.5 Turbo;BLO400163;OK;0,93;5;cc/min;;2;N
2026-08-02 20:08:30;Cabeçote;1.5 Turbo;CAB400485;OK;0,62;4;cc/min;;2;N
2026-08-02 20:08:38;Water Leak;1.5;WAT401057;OK;1,03;6;cc/min;;2;N
2026-08-02 20:09:33;Bloco;1.5 Turbo;BLO400164;OK;1,35;5;cc/min;;2;N
2026-08-02 20:09:35;Cabeçote;1.5;CAB400486;OK;2,65;4;cc/min;;2;N
2026-08-02 20:09:37;Leak Zero;1.0;LEA400784;OK;1,45;3;cc/min;;2;N
2026-08-02 20:09:55;Water Leak;1.0;WAT401058;OK;1,32;6;cc/min;;2;N
2026-08-02 20:10:41;Cabeçote;1.0;CAB400487;OK;1,19;4;cc/min;;2;N
2026-08-02 20:10:42;Bloco;1.0;BLO400165;OK;1,24;5;cc/min;;2;N
2026-08-02 20:10:58;Leak Zero;1.5 Turbo;LEA400785;OK;1,18;3;cc/min;;2;N
2026-08-02 20:11:13;Water Leak;1.5;WAT401059;OK;4,08;6;cc/min;;2;N
2026-08-02 20:11:46;Cabeçote;1.5;CAB400488;OK;0,94;4;cc/min;;2;N
2026-08-02 20:11:51;Bloco;1.5 Turbo;BLO400166;OK;3,29;5;cc/min;;2;N
2026-08-02 20:12:18;Leak Zero;1.5 Turbo;LEA400786;OK;0,71;3;cc/min;;2;N
2026-08-02 20:12:30;Water Leak;1.5;WAT401060;OK;3,53;6;cc/min;;2;N
2026-08-02 20:12:51;Cabeçote;1.0;CAB400489;OK;1,35;4;cc/min;;2;N
2026-08-02 20:13:00;Bloco;1.5 Turbo;BLO400167;OK;2,04;5;cc/min;;2;N
2026-08-02 20:13:39;Leak Zero;1.5;LEA400787;OK;0,91;3;cc/min;;2;N
2026-08-02 20:13:48;Water Leak;1.5;WAT401061;OK;3,22;6;cc/min;;2;N
2026-08-02 20:13:56;Cabeçote;1.5 Turbo;CAB400490;OK;1,06;4;cc/min;;2;N
2026-08-02 20:14:09;Bloco;1.5;BLO400168;OK;1,85;5;cc/min;;2;N
2026-08-02 20:15:00;Leak Zero;1.5 Turbo;LEA400788;OK;1,82;3;cc/min;;2;N
2026-08-02 20:15:02;Cabeçote;1.5 Turbo;CAB400491;OK;1,02;4;cc/min;;2;N
2026-08-02 20:15:05;Water Leak;1.0;WAT401062;OK;3,91;6;cc/min;;2;N
2026-08-02 20:15:19;Bloco;1.0;BLO400169;OK;1,45;5;cc/min;;2;N
2026-08-02 20:16:07;Cabeçote;1.5;CAB400492;OK;2,61;4;cc/min;;2;N
2026-08-02 20:16:20;Leak Zero;1.5;LEA400789;OK;0,93;3;cc/min;;2;N
2026-08-02 20:16:22;Water Leak;1.5;WAT401063;OK;1,07;6;cc/min;;2;N
2026-08-02 20:16:28;Bloco;1.5 Turbo;BLO400170;OK;1,10;5;cc/min;;2;N
2026-08-02 20:17:12;Cabeçote;1.0;CAB400493;OK;1,43;4;cc/min;;2;N
2026-08-02 20:17:37;Bloco;1.5 Turbo;BLO400171;OK;2,28;5;cc/min;;2;N
2026-08-02 20:17:40;Water Leak;1.5 Turbo;WAT401064;OK;1,97;6;cc/min;;2;N
2026-08-02 20:17:41;Leak Zero;1.5 Turbo;LEA400790;OK;1,69;3;cc/min;;2;N
2026-08-02 20:18:17;Cabeçote;1.5;CAB400494;OK;2,25;4;cc/min;;2;N
2026-08-02 20:18:46;Bloco;1.5;BLO400172;NOK;10,60;5;cc/min;Galeria de água;2;N
2026-08-02 20:18:57;Water Leak;1.0;WAT401065;NOK;15,47;6;cc/min;Bomba d'água;2;N
2026-08-02 20:19:01;Leak Zero;1.5 Turbo;LEA400791;NOK;8,12;3;cc/min;Junta do cabeçote;2;N
2026-08-02 20:19:23;Cabeçote;1.0;CAB400495;NOK;7,68;4;cc/min;Câmara de combustão;2;N
2026-08-02 20:19:56;Bloco;1.5 Turbo;BLO400173;OK;2,99;5;cc/min;;2;N
2026-08-02 20:20:15;Water Leak;1.5;WAT401066;OK;0,91;6;cc/min;;2;N
2026-08-02 20:20:22;Leak Zero;1.0;LEA400792;OK;0,69;3;cc/min;;2;N
2026-08-02 20:20:28;Cabeçote;1.5;CAB400496;OK;1,87;4;cc/min;;2;N
2026-08-02 20:21:05;Bloco;1.5 Turbo;BLO400174;NOK;9,57;5;cc/min;Galeria de água;2;N
2026-08-02 20:21:32;Water Leak;1.0;WAT401067;OK;2,46;6;cc/min;;2;N
2026-08-02 20:21:33;Cabeçote;1.0;CAB400497;NOK;9,57;4;cc/min;Câmara de combustão;2;N
2026-08-02 20:21:43;Leak Zero;1.0;LEA400793;NOK;5,68;3;cc/min;Cárter;2;N
2026-08-02 20:22:14;Bloco;1.0;BLO400175;OK;0,85;5;cc/min;;2;N
2026-08-02 20:22:38;Cabeçote;1.5 Turbo;CAB400498;OK;1,49;4;cc/min;;2;N
2026-08-02 20:22:49;Water Leak;1.0;WAT401068;OK;3,23;6;cc/min;;2;N
2026-08-02 20:23:03;Leak Zero;1.5;LEA400794;OK;1,96;3;cc/min;;2;N
2026-08-02 20:23:23;Bloco;1.0;BLO400176;OK;1,46;5;cc/min;;2;N
2026-08-02 20:23:44;Cabeçote;1.5 Turbo;CAB400499;NOK;4,74;4;cc/min;Câmara de combustão;2;N
2026-08-02 20:24:07;Water Leak;1.5 Turbo;WAT401069;OK;1,09;6;cc/min;;2;N
2026-08-02 20:24:24;Leak Zero;1.0;LEA400795;NOK;7,83;3;cc/min;Cárter;2;N
2026-08-02 20:24:33;Bloco;1.5;BLO400177;OK;2,56;5;cc/min;;2;N
2026-08-02 20:24:49;Cabeçote;1.0;CAB400500;OK;1,32;4;cc/min;;2;N
2026-08-02 20:25:24;Water Leak;1.0;WAT401070;OK;1,10;6;cc/min;;2;N
2026-08-02 20:25:42;Bloco;1.5;BLO400178;OK;0,79;5;cc/min;;2;N
2026-08-02 20:25:44;Leak Zero;1.5 Turbo;LEA400796;NOK;4,11;3;cc/min;Cárter;2;N
2026-08-02 20:25:54;Cabeçote;1.5;CAB400501;NOK;7,36;4;cc/min;Guia de válvula;2;N
2026-08-02 20:25:59;Cabeçote;1.5 Turbo;CAB400479;OK;1,80;4;cc/min;;2;S
2026-08-02 20:26:42;Water Leak;1.0;WAT401071;OK;2,11;6;cc/min;;2;N
2026-08-02 20:26:51;Bloco;1.0;BLO400179;OK;2,53;5;cc/min;;2;N
2026-08-02 20:26:59;Cabeçote;1.5 Turbo;CAB400502;OK;0,90;4;cc/min;;2;N
2026-08-02 20:27:04;Cabeçote;1.5 Turbo;CAB400480;NOK;1,80;4;cc/min;;2;S
2026-08-02 20:27:05;Leak Zero;1.5 Turbo;LEA400797;NOK;4,48;3;cc/min;Tampa de válvulas;2;N
2026-08-02 20:27:59;Water Leak;1.5 Turbo;WAT401072;OK;2,30;6;cc/min;;2;N
2026-08-02 20:28:00;Bloco;1.0;BLO400180;OK;1,70;5;cc/min;;2;N
2026-08-02 20:28:05;Cabeçote;1.0;CAB400503;NOK;6,84;4;cc/min;Guia de válvula;2;N
2026-08-02 20:28:26;Leak Zero;1.5 Turbo;LEA400798;OK;1,41;3;cc/min;;2;N
2026-08-02 20:29:09;Bloco;1.0;BLO400181;OK;2,35;5;cc/min;;2;N
2026-08-02 20:29:10;Cabeçote;1.0;CAB400504;OK;1,91;4;cc/min;;2;N
2026-08-02 20:29:17;Water Leak;1.0;WAT401073;OK;1,21;6;cc/min;;2;N
2026-08-02 20:29:46;Leak Zero;1.0;LEA400799;OK;1,79;3;cc/min;;2;N
2026-08-02 20:30:15;Cabeçote;1.0;CAB400505;OK;1,23;4;cc/min;;2;N
2026-08-02 20:30:19;Bloco;1.5;BLO400182;NOK;7,73;5;cc/min;Face de fogo;2;N
2026-08-02 20:30:34;Water Leak;1.0;WAT401074;OK;2,49;6;cc/min;;2;N
2026-08-02 20:31:07;Leak Zero;1.0;LEA400800;OK;1,11;3;cc/min;;2;N
2026-08-02 20:31:21;Cabeçote;1.5;CAB400506;OK;1,46;4;cc/min;;2;N
2026-08-02 20:31:28;Bloco;1.5;BLO400183;OK;2,26;5;cc/min;;2;N
2026-08-02 20:31:51;Water Leak;1.5;WAT401075;OK;1,17;6;cc/min;;2;N
2026-08-02 20:32:26;Cabeçote;1.5;CAB400507;OK;2,31;4;cc/min;;2;N
2026-08-02 20:32:27;Leak Zero;1.5 Turbo;LEA400801;OK;0,73;3;cc/min;;2;N
2026-08-02 20:32:37;Bloco;1.5;BLO400184;OK;2,51;5;cc/min;;2;N
2026-08-02 20:33:09;Water Leak;1.5 Turbo;WAT401076;OK;1,85;6;cc/min;;2;N
2026-08-02 20:33:31;Cabeçote;1.5;CAB400508;OK;0,83;4;cc/min;;2;N
2026-08-02 20:33:46;Bloco;1.5;BLO400185;OK;1,27;5;cc/min;;2;N
2026-08-02 20:33:48;Leak Zero;1.5;LEA400802;OK;1,11;3;cc/min;;2;N
2026-08-02 20:34:26;Water Leak;1.5;WAT401077;OK;2,70;6;cc/min;;2;N
2026-08-02 20:34:36;Cabeçote;1.5;CAB400509;OK;1,14;4;cc/min;;2;N
2026-08-02 20:34:56;Bloco;1.5 Turbo;BLO400186;OK;3,17;5;cc/min;;2;N
2026-08-02 20:35:09;Leak Zero;1.5;LEA400803;OK;1,54;3;cc/min;;2;N
2026-08-02 20:35:42;Cabeçote;1.0;CAB400510;OK;2,70;4;cc/min;;2;N
2026-08-02 20:35:44;Water Leak;1.5 Turbo;WAT401078;OK;3,53;6;cc/min;;2;N
2026-08-02 20:36:05;Bloco;1.5 Turbo;BLO400187;OK;1,64;5;cc/min;;2;N
2026-08-02 20:36:29;Leak Zero;1.0;LEA400804;OK;2,04;3;cc/min;;2;N
2026-08-02 20:36:47;Cabeçote;1.5 Turbo;CAB400511;OK;2,64;4;cc/min;;2;N
2026-08-02 20:37:01;Water Leak;1.5;WAT401079;OK;3,96;6;cc/min;;2;N
2026-08-02 20:37:14;Bloco;1.0;BLO400188;OK;1,94;5;cc/min;;2;N
2026-08-02 20:37:50;Leak Zero;1.5;LEA400805;OK;0,84;3;cc/min;;2;N
2026-08-02 20:37:52;Cabeçote;1.5;CAB400512;OK;2,06;4;cc/min;;2;N
2026-08-02 20:38:18;Water Leak;1.5;WAT401080;OK;3,71;6;cc/min;;2;N
2026-08-02 20:38:23;Bloco;1.5;BLO400189;OK;1,77;5;cc/min;;2;N
2026-08-02 20:38:57;Cabeçote;1.5 Turbo;CAB400513;OK;0,87;4;cc/min;;2;N
2026-08-02 20:39:10;Leak Zero;1.5;LEA400806;OK;1,08;3;cc/min;;2;N
2026-08-02 20:39:33;Bloco;1.0;BLO400190;OK;1,65;5;cc/min;;2;N
2026-08-02 20:39:36;Water Leak;1.0;WAT401081;OK;3,48;6;cc/min;;2;N
2026-08-02 20:40:03;Cabeçote;1.5 Turbo;CAB400514;OK;1,92;4;cc/min;;2;N
2026-08-02 20:40:31;Leak Zero;1.5;LEA400807;OK;1,88;3;cc/min;;2;N
2026-08-02 20:40:42;Bloco;1.5 Turbo;BLO400191;OK;1,91;5;cc/min;;2;N
2026-08-02 20:40:53;Water Leak;1.5 Turbo;WAT401082;OK;1,88;6;cc/min;;2;N
2026-08-02 20:41:08;Cabeçote;1.5 Turbo;CAB400515;OK;2,28;4;cc/min;;2;N
2026-08-02 20:41:51;Bloco;1.0;BLO400192;OK;1,03;5;cc/min;;2;N
2026-08-02 20:41:52;Leak Zero;1.0;LEA400808;OK;0,61;3;cc/min;;2;N
2026-08-02 20:42:11;Water Leak;1.5 Turbo;WAT401083;OK;3,26;6;cc/min;;2;N
2026-08-02 20:42:13;Cabeçote;1.5 Turbo;CAB400516;OK;2,28;4;cc/min;;2;N
2026-08-02 20:42:46;Bloco;1.5;BLO400172;OK;2,25;5;cc/min;;2;S
2026-08-02 20:42:57;Water Leak;1.0;WAT401065;OK;2,70;6;cc/min;;2;S
2026-08-02 20:43:00;Bloco;1.5;BLO400193;OK;3,42;5;cc/min;;2;N
2026-08-02 20:43:01;Leak Zero;1.5 Turbo;LEA400791;OK;1,35;3;cc/min;;2;S
2026-08-02 20:43:12;Leak Zero;1.5 Turbo;LEA400809;OK;0,48;3;cc/min;;2;N
2026-08-02 20:43:18;Cabeçote;1.5 Turbo;CAB400517;OK;2,07;4;cc/min;;2;N
2026-08-02 20:43:23;Cabeçote;1.0;CAB400495;OK;1,80;4;cc/min;;2;S
2026-08-02 20:43:28;Water Leak;1.5 Turbo;WAT401084;OK;1,91;6;cc/min;;2;N
2026-08-02 20:44:09;Bloco;1.5;BLO400194;OK;2,51;5;cc/min;;2;N
2026-08-02 20:44:24;Cabeçote;1.0;CAB400518;OK;0,70;4;cc/min;;2;N
2026-08-02 20:44:33;Leak Zero;1.5;LEA400810;OK;1,57;3;cc/min;;2;N
2026-08-02 20:44:46;Water Leak;1.5 Turbo;WAT401085;OK;3,50;6;cc/min;;2;N
2026-08-02 20:45:05;Bloco;1.5 Turbo;BLO400174;OK;2,25;5;cc/min;;2;S
2026-08-02 20:45:19;Bloco;1.0;BLO400195;OK;1,74;5;cc/min;;2;N
2026-08-02 20:45:29;Cabeçote;1.5;CAB400519;OK;1,90;4;cc/min;;2;N
2026-08-02 20:45:33;Cabeçote;1.0;CAB400497;OK;1,80;4;cc/min;;2;S
2026-08-02 20:45:43;Leak Zero;1.0;LEA400793;OK;1,35;3;cc/min;;2;S
2026-08-02 20:45:53;Leak Zero;1.0;LEA400811;OK;2,02;3;cc/min;;2;N
2026-08-02 20:46:03;Water Leak;1.0;WAT401086;OK;3,02;6;cc/min;;2;N
2026-08-02 20:46:28;Bloco;1.0;BLO400196;OK;3,13;5;cc/min;;2;N
2026-08-02 20:46:34;Cabeçote;1.5 Turbo;CAB400520;OK;1,00;4;cc/min;;2;N
2026-08-02 20:47:14;Leak Zero;1.0;LEA400812;OK;0,73;3;cc/min;;2;N
2026-08-02 20:47:20;Water Leak;1.5 Turbo;WAT401087;OK;1,53;6;cc/min;;2;N
2026-08-02 20:47:37;Bloco;1.0;BLO400197;OK;3,17;5;cc/min;;2;N
2026-08-02 20:47:39;Cabeçote;1.5;CAB400521;OK;1,61;4;cc/min;;2;N
2026-08-02 20:47:44;Cabeçote;1.5 Turbo;CAB400499;OK;1,80;4;cc/min;;2;S
2026-08-02 20:48:35;Leak Zero;1.5;LEA400813;OK;1,25;3;cc/min;;2;N
2026-08-02 20:48:38;Water Leak;1.5;WAT401088;OK;2,67;6;cc/min;;2;N
2026-08-02 20:48:45;Cabeçote;1.5 Turbo;CAB400522;OK;2,02;4;cc/min;;2;N
2026-08-02 20:48:46;Bloco;1.5 Turbo;BLO400198;OK;1,07;5;cc/min;;2;N
2026-08-02 20:49:50;Cabeçote;1.0;CAB400523;OK;0,84;4;cc/min;;2;N
2026-08-02 20:49:54;Cabeçote;1.5;CAB400501;OK;1,80;4;cc/min;;2;S
2026-08-02 20:49:55;Leak Zero;1.0;LEA400814;OK;0,69;3;cc/min;;2;N
2026-08-02 20:49:55;Water Leak;1.5;WAT401089;OK;2,20;6;cc/min;;2;N
2026-08-02 20:49:56;Bloco;1.5 Turbo;BLO400199;OK;0,86;5;cc/min;;2;N
2026-08-02 20:50:55;Cabeçote;1.5;CAB400524;OK;1,49;4;cc/min;;2;N
2026-08-02 20:51:05;Bloco;1.5;BLO400200;OK;0,82;5;cc/min;;2;N
2026-08-02 20:51:05;Leak Zero;1.5 Turbo;LEA400797;OK;1,35;3;cc/min;;2;S
2026-08-02 20:51:13;Water Leak;1.0;WAT401090;OK;3,60;6;cc/min;;2;N
2026-08-02 20:51:16;Leak Zero;1.5 Turbo;LEA400815;OK;0,92;3;cc/min;;2;N
2026-08-02 20:52:00;Cabeçote;1.0;CAB400525;OK;2,17;4;cc/min;;2;N
2026-08-02 20:52:05;Cabeçote;1.0;CAB400503;OK;1,80;4;cc/min;;2;S
2026-08-02 20:52:14;Bloco;1.5;BLO400201;OK;1,70;5;cc/min;;2;N
2026-08-02 20:52:30;Water Leak;1.5 Turbo;WAT401091;OK;1,38;6;cc/min;;2;N
2026-08-02 20:52:36;Leak Zero;1.0;LEA400816;OK;1,03;3;cc/min;;2;N
2026-08-02 20:53:06;Cabeçote;1.5;CAB400526;OK;1,08;4;cc/min;;2;N
2026-08-02 20:53:23;Bloco;1.5 Turbo;BLO400202;OK;3,13;5;cc/min;;2;N
2026-08-02 20:53:48;Water Leak;1.0;WAT401092;OK;2,34;6;cc/min;;2;N
2026-08-02 20:53:57;Leak Zero;1.0;LEA400817;OK;0,64;3;cc/min;;2;N
2026-08-02 20:54:11;Cabeçote;1.5;CAB400527;OK;1,52;4;cc/min;;2;N
2026-08-02 20:54:33;Bloco;1.0;BLO400203;OK;1,79;5;cc/min;;2;N
2026-08-02 20:55:05;Water Leak;1.0;WAT401093;OK;2,11;6;cc/min;;2;N
2026-08-02 20:55:16;Cabeçote;1.5 Turbo;CAB400528;OK;1,49;4;cc/min;;2;N
2026-08-02 20:55:18;Leak Zero;1.5;LEA400818;OK;2,03;3;cc/min;;2;N
2026-08-02 20:55:42;Bloco;1.0;BLO400204;OK;1,77;5;cc/min;;2;N
2026-08-02 20:56:21;Cabeçote;1.5 Turbo;CAB400529;OK;2,28;4;cc/min;;2;N
2026-08-02 20:56:22;Water Leak;1.5 Turbo;WAT401094;OK;1,84;6;cc/min;;2;N
2026-08-02 20:56:38;Leak Zero;1.0;LEA400819;OK;0,76;3;cc/min;;2;N
2026-08-02 20:56:51;Bloco;1.0;BLO400205;OK;2,96;5;cc/min;;2;N
2026-08-02 20:57:27;Cabeçote;1.5 Turbo;CAB400530;OK;0,89;4;cc/min;;2;N
2026-08-02 20:57:40;Water Leak;1.5;WAT401095;OK;3,60;6;cc/min;;2;N
2026-08-02 20:57:59;Leak Zero;1.5 Turbo;LEA400820;OK;0,70;3;cc/min;;2;N
2026-08-02 20:58:00;Bloco;1.0;BLO400206;OK;2,97;5;cc/min;;2;N
2026-08-02 20:58:32;Cabeçote;1.0;CAB400531;OK;2,70;4;cc/min;;2;N
2026-08-02 20:58:57;Water Leak;1.0;WAT401096;OK;1,42;6;cc/min;;2;N
2026-08-02 20:59:09;Bloco;1.5 Turbo;BLO400207;OK;0,96;5;cc/min;;2;N
2026-08-02 20:59:19;Leak Zero;1.0;LEA400821;NOK;6,76;3;cc/min;Tampa de válvulas;2;N
2026-08-02 20:59:37;Cabeçote;1.0;CAB400532;OK;2,46;4;cc/min;;2;N
2026-08-02 21:00:15;Water Leak;1.0;WAT401097;OK;2,95;6;cc/min;;2;N
2026-08-02 21:00:19;Bloco;1.5;BLO400208;OK;1,34;5;cc/min;;2;N
2026-08-02 21:00:40;Leak Zero;1.0;LEA400822;OK;0,50;3;cc/min;;2;N
2026-08-02 21:00:42;Cabeçote;1.0;CAB400533;OK;2,24;4;cc/min;;2;N
2026-08-02 21:01:28;Bloco;1.5;BLO400209;OK;3,09;5;cc/min;;2;N
2026-08-02 21:01:32;Water Leak;1.0;WAT401098;OK;1,55;6;cc/min;;2;N
2026-08-02 21:01:48;Cabeçote;1.5 Turbo;CAB400534;OK;1,91;4;cc/min;;2;N
2026-08-02 21:02:00;Leak Zero;1.5 Turbo;LEA400823;OK;0,49;3;cc/min;;2;N
2026-08-02 21:02:37;Bloco;1.0;BLO400210;OK;2,23;5;cc/min;;2;N
2026-08-02 21:02:49;Water Leak;1.0;WAT401099;OK;2,35;6;cc/min;;2;N
2026-08-02 21:02:53;Cabeçote;1.5 Turbo;CAB400535;OK;0,95;4;cc/min;;2;N
2026-08-02 21:03:21;Leak Zero;1.5;LEA400824;OK;0,61;3;cc/min;;2;N
2026-08-02 21:03:46;Bloco;1.5;BLO400211;OK;0,92;5;cc/min;;2;N
2026-08-02 21:03:58;Cabeçote;1.5 Turbo;CAB400536;OK;0,81;4;cc/min;;2;N
2026-08-02 21:04:07;Water Leak;1.5 Turbo;WAT401100;OK;3,55;6;cc/min;;2;N
2026-08-02 21:04:42;Leak Zero;1.5 Turbo;LEA400825;OK;1,77;3;cc/min;;2;N
2026-08-02 21:04:56;Bloco;1.5;BLO400212;OK;1,43;5;cc/min;;2;N
2026-08-02 21:05:03;Cabeçote;1.0;CAB400537;OK;2,51;4;cc/min;;2;N
2026-08-02 21:05:24;Water Leak;1.5;WAT401101;OK;2,74;6;cc/min;;2;N
2026-08-02 21:06:02;Leak Zero;1.0;LEA400826;OK;0,78;3;cc/min;;2;N
2026-08-02 21:06:05;Bloco;1.5;BLO400213;OK;2,46;5;cc/min;;2;N
2026-08-02 21:06:09;Cabeçote;1.5;CAB400538;OK;1,15;4;cc/min;;2;N
2026-08-02 21:06:42;Water Leak;1.5 Turbo;WAT401102;OK;1,02;6;cc/min;;2;N
2026-08-02 21:07:14;Bloco;1.5;BLO400214;OK;3,10;5;cc/min;;2;N
2026-08-02 21:07:14;Cabeçote;1.5;CAB400539;OK;1,41;4;cc/min;;2;N
2026-08-02 21:07:23;Leak Zero;1.5;LEA400827;OK;1,26;3;cc/min;;2;N
2026-08-02 21:07:59;Water Leak;1.5;WAT401103;OK;1,56;6;cc/min;;2;N
2026-08-02 21:08:19;Cabeçote;1.5;CAB400540;OK;1,22;4;cc/min;;2;N
2026-08-02 21:08:23;Bloco;1.5;BLO400215;OK;3,21;5;cc/min;;2;N
2026-08-02 21:08:43;Leak Zero;1.0;LEA400828;OK;1,25;3;cc/min;;2;N
2026-08-02 21:09:17;Water Leak;1.0;WAT401104;OK;1,20;6;cc/min;;2;N
2026-08-02 21:09:25;Cabeçote;1.5 Turbo;CAB400541;OK;1,96;4;cc/min;;2;N
2026-08-02 21:09:33;Bloco;1.5;BLO400216;OK;2,96;5;cc/min;;2;N
2026-08-02 21:10:04;Leak Zero;1.5;LEA400829;OK;0,91;3;cc/min;;2;N
2026-08-02 21:10:30;Cabeçote;1.5;CAB400542;OK;2,76;4;cc/min;;2;N
2026-08-02 21:10:34;Water Leak;1.5;WAT401105;OK;1,41;6;cc/min;;2;N
2026-08-02 21:10:42;Bloco;1.5 Turbo;BLO400217;OK;3,38;5;cc/min;;2;N
2026-08-02 21:11:25;Leak Zero;1.0;LEA400830;OK;1,03;3;cc/min;;2;N
2026-08-02 21:11:35;Cabeçote;1.5;CAB400543;OK;1,31;4;cc/min;;2;N
2026-08-02 21:11:51;Bloco;1.0;BLO400218;OK;2,72;5;cc/min;;2;N
2026-08-02 21:11:51;Water Leak;1.0;WAT401106;OK;3,80;6;cc/min;;2;N
2026-08-02 21:12:40;Cabeçote;1.5;CAB400544;OK;1,71;4;cc/min;;2;N
2026-08-02 21:12:45;Leak Zero;1.5;LEA400831;OK;1,74;3;cc/min;;2;N
2026-08-02 21:13:00;Bloco;1.0;BLO400219;OK;0,89;5;cc/min;;2;N
2026-08-02 21:13:09;Water Leak;1.5 Turbo;WAT401107;OK;2,63;6;cc/min;;2;N
2026-08-02 21:13:46;Cabeçote;1.5 Turbo;CAB400545;OK;1,75;4;cc/min;;2;N
2026-08-02 21:14:06;Leak Zero;1.5;LEA400832;OK;1,17;3;cc/min;;2;N
2026-08-02 21:14:09;Bloco;1.5 Turbo;BLO400220;OK;0,89;5;cc/min;;2;N
2026-08-02 21:14:26;Water Leak;1.5 Turbo;WAT401108;OK;1,02;6;cc/min;;2;N
2026-08-02 21:14:51;Cabeçote;1.5 Turbo;CAB400546;OK;2,68;4;cc/min;;2;N
2026-08-02 21:15:19;Bloco;1.5 Turbo;BLO400221;OK;1,25;5;cc/min;;2;N
2026-08-02 21:15:26;Leak Zero;1.5;LEA400833;OK;1,51;3;cc/min;;2;N
2026-08-02 21:15:44;Water Leak;1.5;WAT401109;OK;1,41;6;cc/min;;2;N
2026-08-02 21:15:56;Cabeçote;1.0;CAB400547;OK;0,70;4;cc/min;;2;N
2026-08-02 21:16:28;Bloco;1.5;BLO400222;OK;1,10;5;cc/min;;2;N
2026-08-02 21:16:47;Leak Zero;1.0;LEA400834;OK;0,62;3;cc/min;;2;N
2026-08-02 21:17:01;Cabeçote;1.5;CAB400548;OK;1,20;4;cc/min;;2;N
2026-08-02 21:17:01;Water Leak;1.0;WAT401110;OK;1,75;6;cc/min;;2;N
2026-08-02 21:17:37;Bloco;1.5 Turbo;BLO400223;OK;1,27;5;cc/min;;2;N
2026-08-02 21:18:07;Cabeçote;1.0;CAB400549;OK;0,95;4;cc/min;;2;N
2026-08-02 21:18:08;Leak Zero;1.5 Turbo;LEA400835;OK;0,54;3;cc/min;;2;N
2026-08-02 21:18:18;Water Leak;1.0;WAT401111;OK;3,69;6;cc/min;;2;N
2026-08-02 21:18:46;Bloco;1.0;BLO400224;OK;1,17;5;cc/min;;2;N
2026-08-02 21:19:12;Cabeçote;1.5 Turbo;CAB400550;OK;0,66;4;cc/min;;2;N
2026-08-02 21:19:28;Leak Zero;1.0;LEA400836;OK;0,63;3;cc/min;;2;N
2026-08-02 21:19:36;Water Leak;1.5 Turbo;WAT401112;OK;3,51;6;cc/min;;2;N
2026-08-02 21:19:56;Bloco;1.5;BLO400225;OK;2,29;5;cc/min;;2;N
2026-08-02 21:20:17;Cabeçote;1.5 Turbo;CAB400551;OK;2,65;4;cc/min;;2;N
2026-08-02 21:20:49;Leak Zero;1.5;LEA400837;OK;1,43;3;cc/min;;2;N
2026-08-02 21:20:53;Water Leak;1.5;WAT401113;OK;1,76;6;cc/min;;2;N
2026-08-02 21:21:05;Bloco;1.5 Turbo;BLO400226;OK;3,16;5;cc/min;;2;N
2026-08-02 21:21:22;Cabeçote;1.5 Turbo;CAB400552;OK;1,63;4;cc/min;;2;N
2026-08-02 21:22:09;Leak Zero;1.5 Turbo;LEA400838;OK;0,67;3;cc/min;;2;N
2026-08-02 21:22:11;Water Leak;1.0;WAT401114;OK;2,03;6;cc/min;;2;N
2026-08-02 21:22:14;Bloco;1.0;BLO400227;OK;2,59;5;cc/min;;2;N
2026-08-02 21:22:28;Cabeçote;1.5 Turbo;CAB400553;OK;0,74;4;cc/min;;2;N
2026-08-02 21:23:23;Bloco;1.5;BLO400228;OK;1,35;5;cc/min;;2;N
2026-08-02 21:23:28;Water Leak;1.5;WAT401115;OK;2,93;6;cc/min;;2;N
2026-08-02 21:23:30;Leak Zero;1.5 Turbo;LEA400839;OK;0,65;3;cc/min;;2;N
2026-08-02 21:23:33;Cabeçote;1.0;CAB400554;OK;2,20;4;cc/min;;2;N
2026-08-02 21:24:33;Bloco;1.5 Turbo;BLO400229;OK;2,46;5;cc/min;;2;N
2026-08-02 21:24:38;Cabeçote;1.5;CAB400555;OK;1,19;4;cc/min;;2;N
2026-08-02 21:24:46;Water Leak;1.0;WAT401116;OK;1,63;6;cc/min;;2;N
2026-08-02 21:24:51;Leak Zero;1.0;LEA400840;OK;1,82;3;cc/min;;2;N
2026-08-02 21:25:42;Bloco;1.5;BLO400230;OK;1,34;5;cc/min;;2;N
2026-08-02 21:25:43;Cabeçote;1.5 Turbo;CAB400556;OK;1,95;4;cc/min;;2;N
2026-08-02 21:26:03;Water Leak;1.0;WAT401117;OK;3,12;6;cc/min;;2;N
2026-08-02 21:26:11;Leak Zero;1.0;LEA400841;OK;1,67;3;cc/min;;2;N
2026-08-02 21:26:49;Cabeçote;1.0;CAB400557;OK;0,65;4;cc/min;;2;N
2026-08-02 21:26:51;Bloco;1.5;BLO400231;OK;2,49;5;cc/min;;2;N
2026-08-02 21:27:20;Water Leak;1.5;WAT401118;OK;3,77;6;cc/min;;2;N
2026-08-02 21:27:32;Leak Zero;1.5;LEA400842;OK;1,76;3;cc/min;;2;N
2026-08-02 21:27:54;Cabeçote;1.5 Turbo;CAB400558;OK;2,12;4;cc/min;;2;N
2026-08-02 21:28:00;Bloco;1.5 Turbo;BLO400232;OK;2,91;5;cc/min;;2;N
2026-08-02 21:28:38;Water Leak;1.5;WAT401119;OK;3,55;6;cc/min;;2;N
2026-08-02 21:28:52;Leak Zero;1.5;LEA400843;OK;1,79;3;cc/min;;2;N
2026-08-02 21:28:59;Cabeçote;1.5 Turbo;CAB400559;OK;2,39;4;cc/min;;2;N
2026-08-02 21:29:09;Bloco;1.5;BLO400233;OK;1,87;5;cc/min;;2;N
2026-08-02 21:29:55;Water Leak;1.0;WAT401120;OK;2,91;6;cc/min;;2;N
2026-08-02 21:30:04;Cabeçote;1.5 Turbo;CAB400560;OK;0,84;4;cc/min;;2;N
2026-08-02 21:30:13;Leak Zero;1.0;LEA400844;OK;1,41;3;cc/min;;2;N
2026-08-02 21:30:19;Bloco;1.5;BLO400234;OK;1,04;5;cc/min;;2;N
2026-08-02 21:31:10;Cabeçote;1.5 Turbo;CAB400561;OK;2,46;4;cc/min;;2;N
2026-08-02 21:31:13;Water Leak;1.0;WAT401121;OK;1,07;6;cc/min;;2;N
2026-08-02 21:31:28;Bloco;1.0;BLO400235;OK;1,86;5;cc/min;;2;N
2026-08-02 21:31:34;Leak Zero;1.5;LEA400845;OK;1,90;3;cc/min;;2;N
2026-08-02 21:32:15;Cabeçote;1.0;CAB400562;OK;2,19;4;cc/min;;2;N
2026-08-02 21:32:30;Water Leak;1.0;WAT401122;OK;0,98;6;cc/min;;2;N
2026-08-02 21:32:37;Bloco;1.5 Turbo;BLO400236;OK;1,69;5;cc/min;;2;N
2026-08-02 21:32:54;Leak Zero;1.5;LEA400846;OK;0,73;3;cc/min;;2;N
2026-08-02 21:33:20;Cabeçote;1.5 Turbo;CAB400563;OK;1,47;4;cc/min;;2;N
2026-08-02 21:33:46;Bloco;1.5;BLO400237;OK;1,84;5;cc/min;;2;N
2026-08-02 21:33:48;Water Leak;1.5;WAT401123;OK;4,19;6;cc/min;;2;N
2026-08-02 21:34:15;Leak Zero;1.0;LEA400847;OK;0,63;3;cc/min;;2;N
2026-08-02 21:34:25;Cabeçote;1.5;CAB400564;OK;1,80;4;cc/min;;2;N
2026-08-02 21:34:56;Bloco;1.0;BLO400238;OK;1,59;5;cc/min;;2;N
2026-08-02 21:35:05;Water Leak;1.5;WAT401124;OK;1,73;6;cc/min;;2;N
2026-08-02 21:35:31;Cabeçote;1.0;CAB400565;OK;1,76;4;cc/min;;2;N
2026-08-02 21:35:35;Leak Zero;1.5;LEA400848;OK;2,06;3;cc/min;;2;N
2026-08-02 21:36:05;Bloco;1.5;BLO400239;OK;2,70;5;cc/min;;2;N
2026-08-02 21:36:22;Water Leak;1.0;WAT401125;OK;4,08;6;cc/min;;2;N
2026-08-02 21:36:36;Cabeçote;1.5 Turbo;CAB400566;OK;2,26;4;cc/min;;2;N
2026-08-02 21:36:56;Leak Zero;1.0;LEA400849;OK;0,57;3;cc/min;;2;N
2026-08-02 21:37:14;Bloco;1.5;BLO400240;OK;2,91;5;cc/min;;2;N
2026-08-02 21:37:40;Water Leak;1.5;WAT401126;NOK;9,65;6;cc/min;Carcaça do termostato;2;N
2026-08-02 21:37:41;Cabeçote;1.0;CAB400567;OK;1,68;4;cc/min;;2;N
2026-08-02 21:38:17;Leak Zero;1.0;LEA400850;OK;1,09;3;cc/min;;2;N
2026-08-02 21:38:23;Bloco;1.5;BLO400241;OK;2,56;5;cc/min;;2;N
2026-08-02 21:38:46;Cabeçote;1.0;CAB400568;OK;1,12;4;cc/min;;2;N
2026-08-02 21:38:57;Water Leak;1.0;WAT401127;OK;2,85;6;cc/min;;2;N
2026-08-02 21:39:33;Bloco;1.0;BLO400242;OK;3,50;5;cc/min;;2;N
2026-08-02 21:39:37;Leak Zero;1.5 Turbo;LEA400851;OK;1,17;3;cc/min;;2;N
2026-08-02 21:39:52;Cabeçote;1.5;CAB400569;OK;2,45;4;cc/min;;2;N
2026-08-02 21:40:15;Water Leak;1.0;WAT401128;OK;2,02;6;cc/min;;2;N
2026-08-02 21:40:42;Bloco;1.5 Turbo;BLO400243;OK;2,64;5;cc/min;;2;N
2026-08-02 21:40:57;Cabeçote;1.0;CAB400570;OK;0,77;4;cc/min;;2;N
2026-08-02 21:40:58;Leak Zero;1.0;LEA400852;OK;1,26;3;cc/min;;2;N
2026-08-02 21:41:32;Water Leak;1.5;WAT401129;OK;1,06;6;cc/min;;2;N
2026-08-02 21:41:51;Bloco;1.0;BLO400244;OK;1,28;5;cc/min;;2;N
2026-08-02 21:42:02;Cabeçote;1.0;CAB400571;OK;1,99;4;cc/min;;2;N
2026-08-02 21:42:18;Leak Zero;1.0;LEA400853;OK;1,75;3;cc/min;;2;N
2026-08-02 21:42:49;Water Leak;1.0;WAT401130;OK;3,68;6;cc/min;;2;N
2026-08-02 21:43:00;Bloco;1.5 Turbo;BLO400245;OK;2,17;5;cc/min;;2;N
2026-08-02 21:43:07;Cabeçote;1.0;CAB400572;OK;1,06;4;cc/min;;2;N
2026-08-02 21:43:39;Leak Zero;1.5;LEA400854;OK;2,03;3;cc/min;;2;N
2026-08-02 21:44:07;Water Leak;1.5 Turbo;WAT401131;OK;2,91;6;cc/min;;2;N
2026-08-02 21:44:09;Bloco;1.5;BLO400246;OK;3,46;5;cc/min;;2;N
2026-08-02 21:44:13;Cabeçote;1.5;CAB400573;OK;1,95;4;cc/min;;2;N
2026-08-02 21:45:00;Leak Zero;1.5;LEA400855;OK;1,16;3;cc/min;;2;N
2026-08-02 21:45:18;Cabeçote;1.0;CAB400574;OK;2,18;4;cc/min;;2;N
2026-08-02 21:45:19;Bloco;1.0;BLO400247;OK;3,25;5;cc/min;;2;N
2026-08-02 21:45:24;Water Leak;1.5;WAT401132;OK;2,61;6;cc/min;;2;N
2026-08-02 21:46:20;Leak Zero;1.0;LEA400856;OK;1,90;3;cc/min;;2;N
2026-08-02 21:46:23;Cabeçote;1.0;CAB400575;OK;1,93;4;cc/min;;2;N
2026-08-02 21:46:28;Bloco;1.5 Turbo;BLO400248;OK;2,63;5;cc/min;;2;N
2026-08-02 21:46:42;Water Leak;1.5;WAT401133;OK;2,48;6;cc/min;;2;N
2026-08-02 21:47:28;Cabeçote;1.0;CAB400576;OK;1,60;4;cc/min;;2;N
2026-08-02 21:47:37;Bloco;1.5;BLO400249;OK;2,18;5;cc/min;;2;N
2026-08-02 21:47:41;Leak Zero;1.0;LEA400857;OK;1,05;3;cc/min;;2;N
2026-08-02 21:47:59;Water Leak;1.0;WAT401134;OK;1,09;6;cc/min;;2;N
2026-08-02 21:48:34;Cabeçote;1.5;CAB400577;OK;1,52;4;cc/min;;2;N
2026-08-02 21:48:46;Bloco;1.5;BLO400250;OK;2,57;5;cc/min;;2;N
2026-08-02 21:49:01;Leak Zero;1.5;LEA400858;OK;1,78;3;cc/min;;2;N
2026-08-02 21:49:17;Water Leak;1.5 Turbo;WAT401135;OK;4,05;6;cc/min;;2;N
2026-08-02 21:49:39;Cabeçote;1.0;CAB400578;OK;1,66;4;cc/min;;2;N
2026-08-02 21:49:56;Bloco;1.5 Turbo;BLO400251;OK;3,37;5;cc/min;;2;N
2026-08-02 21:50:22;Leak Zero;1.0;LEA400859;OK;1,66;3;cc/min;;2;N
2026-08-02 21:50:34;Water Leak;1.5 Turbo;WAT401136;OK;2,01;6;cc/min;;2;N
2026-08-02 21:50:44;Cabeçote;1.5 Turbo;CAB400579;OK;1,06;4;cc/min;;2;N
2026-08-02 21:51:05;Bloco;1.0;BLO400252;OK;1,16;5;cc/min;;2;N
2026-08-02 21:51:43;Leak Zero;1.0;LEA400860;OK;0,50;3;cc/min;;2;N
2026-08-02 21:51:50;Cabeçote;1.5;CAB400580;OK;2,57;4;cc/min;;2;N
2026-08-02 21:51:51;Water Leak;1.0;WAT401137;OK;3,93;6;cc/min;;2;N
2026-08-02 21:52:14;Bloco;1.0;BLO400253;OK;0,95;5;cc/min;;2;N
2026-08-02 21:52:55;Cabeçote;1.5 Turbo;CAB400581;OK;1,10;4;cc/min;;2;N
2026-08-02 21:53:03;Leak Zero;1.5 Turbo;LEA400861;OK;0,88;3;cc/min;;2;N
2026-08-02 21:53:09;Water Leak;1.0;WAT401138;OK;3,49;6;cc/min;;2;N
2026-08-02 21:53:23;Bloco;1.0;BLO400254;OK;1,38;5;cc/min;;2;N
2026-08-02 21:54:00;Cabeçote;1.5 Turbo;CAB400582;OK;1,62;4;cc/min;;2;N
2026-08-02 21:54:24;Leak Zero;1.5;LEA400862;OK;0,98;3;cc/min;;2;N
2026-08-02 21:54:26;Water Leak;1.5 Turbo;WAT401139;OK;3,58;6;cc/min;;2;N
2026-08-02 21:54:33;Bloco;1.0;BLO400255;OK;2,41;5;cc/min;;2;N
2026-08-02 21:55:05;Cabeçote;1.5;CAB400583;OK;0,81;4;cc/min;;2;N
2026-08-02 21:55:42;Bloco;1.0;BLO400256;OK;2,55;5;cc/min;;2;N
2026-08-02 21:55:44;Leak Zero;1.0;LEA400863;OK;1,34;3;cc/min;;2;N
2026-08-02 21:55:44;Water Leak;1.5 Turbo;WAT401140;OK;3,09;6;cc/min;;2;N
2026-08-02 21:56:11;Cabeçote;1.5;CAB400584;OK;1,04;4;cc/min;;2;N
2026-08-02 21:56:51;Bloco;1.5 Turbo;BLO400257;OK;1,56;5;cc/min;;2;N
2026-08-02 21:57:01;Water Leak;1.0;WAT401141;OK;2,82;6;cc/min;;2;N
2026-08-02 21:57:05;Leak Zero;1.5;LEA400864;OK;1,84;3;cc/min;;2;N
2026-08-02 21:57:16;Cabeçote;1.5;CAB400585;OK;2,02;4;cc/min;;2;N
2026-08-02 21:58:00;Bloco;1.5;BLO400258;OK;2,99;5;cc/min;;2;N
2026-08-02 21:58:18;Water Leak;1.5 Turbo;WAT401142;OK;3,09;6;cc/min;;2;N
2026-08-02 21:58:21;Cabeçote;1.0;CAB400586;OK;1,67;4;cc/min;;2;N
2026-08-02 21:58:26;Leak Zero;1.0;LEA400865;OK;1,90;3;cc/min;;2;N
2026-08-02 21:59:09;Bloco;1.0;BLO400259;OK;2,71;5;cc/min;;2;N
2026-08-02 21:59:26;Cabeçote;1.5 Turbo;CAB400587;OK;2,27;4;cc/min;;2;N
2026-08-02 21:59:36;Water Leak;1.5;WAT401143;OK;1,59;6;cc/min;;2;N
2026-08-02 21:59:46;Leak Zero;1.0;LEA400866;OK;1,20;3;cc/min;;2;N
2026-08-02 22:00:19;Bloco;1.5;BLO400260;OK;3,07;5;cc/min;;2;N
2026-08-02 22:00:32;Cabeçote;1.5 Turbo;CAB400588;OK;0,61;4;cc/min;;2;N
2026-08-02 22:00:53;Water Leak;1.5;WAT401144;OK;0,97;6;cc/min;;2;N
2026-08-02 22:01:07;Leak Zero;1.5;LEA400867;OK;1,88;3;cc/min;;2;N
2026-08-02 22:01:28;Bloco;1.0;BLO400261;OK;3,49;5;cc/min;;2;N
2026-08-02 22:01:37;Cabeçote;1.5;CAB400589;OK;0,71;4;cc/min;;2;N
2026-08-02 22:01:40;Water Leak;1.5;WAT401126;OK;2,70;6;cc/min;;2;S
2026-08-02 22:02:11;Water Leak;1.5 Turbo;WAT401145;OK;2,77;6;cc/min;;2;N
2026-08-02 22:02:27;Leak Zero;1.0;LEA400868;OK;1,66;3;cc/min;;2;N
2026-08-02 22:02:37;Bloco;1.5;BLO400262;OK;2,69;5;cc/min;;2;N
2026-08-02 22:02:42;Cabeçote;1.5;CAB400590;OK;2,47;4;cc/min;;2;N
2026-08-02 22:03:28;Water Leak;1.0;WAT401146;OK;1,75;6;cc/min;;2;N
2026-08-02 22:03:46;Bloco;1.5;BLO400263;OK;1,62;5;cc/min;;2;N
2026-08-02 22:03:47;Cabeçote;1.5 Turbo;CAB400591;OK;2,12;4;cc/min;;2;N
2026-08-02 22:03:48;Leak Zero;1.5 Turbo;LEA400869;OK;1,72;3;cc/min;;2;N
2026-08-02 22:04:46;Water Leak;1.5 Turbo;WAT401147;OK;1,19;6;cc/min;;2;N
2026-08-02 22:04:53;Cabeçote;1.0;CAB400592;OK;1,57;4;cc/min;;2;N
2026-08-02 22:04:56;Bloco;1.5 Turbo;BLO400264;OK;3,30;5;cc/min;;2;N
2026-08-02 22:05:09;Leak Zero;1.0;LEA400870;OK;1,27;3;cc/min;;2;N
2026-08-02 22:05:58;Cabeçote;1.5;CAB400593;OK;1,48;4;cc/min;;2;N
2026-08-02 22:06:03;Water Leak;1.5 Turbo;WAT401148;OK;1,41;6;cc/min;;2;N
2026-08-02 22:06:05;Bloco;1.5 Turbo;BLO400265;OK;1,31;5;cc/min;;2;N
2026-08-02 22:06:29;Leak Zero;1.5;LEA400871;OK;1,00;3;cc/min;;2;N
2026-08-02 22:07:03;Cabeçote;1.0;CAB400594;OK;0,73;4;cc/min;;2;N
2026-08-02 22:07:14;Bloco;1.5;BLO400266;OK;1,44;5;cc/min;;2;N
2026-08-02 22:07:20;Water Leak;1.5 Turbo;WAT401149;OK;2,74;6;cc/min;;2;N
2026-08-02 22:07:50;Leak Zero;1.5 Turbo;LEA400872;OK;1,07;3;cc/min;;2;N
2026-08-02 22:08:08;Cabeçote;1.0;CAB400595;OK;2,19;4;cc/min;;2;N
2026-08-02 22:08:23;Bloco;1.0;BLO400267;OK;1,77;5;cc/min;;2;N
2026-08-02 22:08:38;Water Leak;1.5;WAT401150;OK;1,56;6;cc/min;;2;N
2026-08-02 22:09:10;Leak Zero;1.0;LEA400873;OK;0,89;3;cc/min;;2;N
2026-08-02 22:09:14;Cabeçote;1.5;CAB400596;OK;1,50;4;cc/min;;2;N
2026-08-02 22:09:33;Bloco;1.5;BLO400268;OK;1,40;5;cc/min;;2;N
2026-08-02 22:09:55;Water Leak;1.5;WAT401151;OK;2,78;6;cc/min;;2;N
2026-08-02 22:10:19;Cabeçote;1.5 Turbo;CAB400597;OK;2,59;4;cc/min;;2;N
2026-08-02 22:10:31;Leak Zero;1.5 Turbo;LEA400874;OK;1,06;3;cc/min;;2;N
2026-08-02 22:10:42;Bloco;1.5;BLO400269;OK;1,07;5;cc/min;;2;N
2026-08-02 22:11:13;Water Leak;1.0;WAT401152;OK;2,02;6;cc/min;;2;N
2026-08-02 22:11:24;Cabeçote;1.5 Turbo;CAB400598;OK;0,78;4;cc/min;;2;N
2026-08-02 22:11:51;Bloco;1.5;BLO400270;OK;2,94;5;cc/min;;2;N
2026-08-02 22:11:52;Leak Zero;1.5 Turbo;LEA400875;OK;0,87;3;cc/min;;2;N
2026-08-02 22:12:29;Cabeçote;1.5 Turbo;CAB400599;OK;2,77;4;cc/min;;2;N
2026-08-02 22:12:30;Water Leak;1.5 Turbo;WAT401153;OK;1,60;6;cc/min;;2;N
2026-08-02 22:13:00;Bloco;1.5 Turbo;BLO400271;OK;1,53;5;cc/min;;2;N
2026-08-02 22:13:12;Leak Zero;1.0;LEA400876;OK;2,10;3;cc/min;;2;N
2026-08-02 22:13:35;Cabeçote;1.5;CAB400600;OK;2,31;4;cc/min;;2;N
2026-08-02 22:13:48;Water Leak;1.5 Turbo;WAT401154;OK;2,30;6;cc/min;;2;N
2026-08-02 22:14:09;Bloco;1.5;BLO400272;OK;1,07;5;cc/min;;2;N
2026-08-02 22:14:33;Leak Zero;1.5 Turbo;LEA400877;OK;2,05;3;cc/min;;2;N
2026-08-02 22:14:40;Cabeçote;1.5;CAB400601;OK;2,70;4;cc/min;;2;N
2026-08-02 22:15:05;Water Leak;1.0;WAT401155;OK;3,89;6;cc/min;;2;N
2026-08-02 22:15:19;Bloco;1.5 Turbo;BLO400273;OK;3,31;5;cc/min;;2;N
2026-08-02 22:15:45;Cabeçote;1.5;CAB400602;OK;1,40;4;cc/min;;2;N
2026-08-02 22:15:53;Leak Zero;1.5;LEA400878;OK;0,47;3;cc/min;;2;N
2026-08-02 22:16:22;Water Leak;1.5;WAT401156;OK;1,33;6;cc/min;;2;N
2026-08-02 22:16:28;Bloco;1.0;BLO400274;OK;3,31;5;cc/min;;2;N
2026-08-02 22:16:50;Cabeçote;1.5;CAB400603;OK;0,99;4;cc/min;;2;N
2026-08-02 22:17:14;Leak Zero;1.5;LEA400879;OK;1,18;3;cc/min;;2;N
2026-08-02 22:17:37;Bloco;1.5;BLO400275;OK;1,88;5;cc/min;;2;N
2026-08-02 22:17:40;Water Leak;1.5;WAT401157;OK;1,19;6;cc/min;;2;N
2026-08-02 22:17:56;Cabeçote;1.5 Turbo;CAB400604;OK;1,32;4;cc/min;;2;N
2026-08-02 22:18:35;Leak Zero;1.5;LEA400880;OK;0,60;3;cc/min;;2;N
2026-08-02 22:18:46;Bloco;1.5 Turbo;BLO400276;OK;2,13;5;cc/min;;2;N
2026-08-02 22:18:57;Water Leak;1.5;WAT401158;OK;2,35;6;cc/min;;2;N
2026-08-02 22:19:01;Cabeçote;1.5 Turbo;CAB400605;OK;0,61;4;cc/min;;2;N
2026-08-02 22:19:55;Leak Zero;1.5;LEA400881;OK;2,08;3;cc/min;;2;N
2026-08-02 22:19:56;Bloco;1.5;BLO400277;OK;1,85;5;cc/min;;2;N
2026-08-02 22:20:06;Cabeçote;1.0;CAB400606;OK;1,62;4;cc/min;;2;N
2026-08-02 22:20:15;Water Leak;1.0;WAT401159;OK;1,97;6;cc/min;;2;N
2026-08-02 22:21:05;Bloco;1.5 Turbo;BLO400278;OK;3,48;5;cc/min;;2;N
2026-08-02 22:21:11;Cabeçote;1.5 Turbo;CAB400607;OK;1,14;4;cc/min;;2;N
2026-08-02 22:21:16;Leak Zero;1.5 Turbo;LEA400882;OK;1,00;3;cc/min;;2;N
2026-08-02 22:21:32;Water Leak;1.0;WAT401160;OK;2,38;6;cc/min;;2;N
2026-08-02 22:22:14;Bloco;1.5 Turbo;BLO400279;OK;2,66;5;cc/min;;2;N
2026-08-02 22:22:17;Cabeçote;1.0;CAB400608;OK;0,81;4;cc/min;;2;N
2026-08-02 22:22:36;Leak Zero;1.0;LEA400883;OK;1,77;3;cc/min;;2;N
2026-08-02 22:22:49;Water Leak;1.0;WAT401161;OK;1,01;6;cc/min;;2;N
2026-08-02 22:23:22;Cabeçote;1.5 Turbo;CAB400609;OK;1,80;4;cc/min;;2;N
2026-08-02 22:23:23;Bloco;1.5 Turbo;BLO400280;OK;2,52;5;cc/min;;2;N
2026-08-02 22:23:57;Leak Zero;1.5;LEA400884;OK;1,59;3;cc/min;;2;N
2026-08-02 22:24:07;Water Leak;1.0;WAT401162;OK;3,18;6;cc/min;;2;N
2026-08-02 22:24:27;Cabeçote;1.5;CAB400610;OK;1,26;4;cc/min;;2;N
2026-08-02 22:24:33;Bloco;1.5 Turbo;BLO400281;OK;2,26;5;cc/min;;2;N
2026-08-02 22:25:18;Leak Zero;1.5;LEA400885;OK;1,81;3;cc/min;;2;N
2026-08-02 22:25:24;Water Leak;1.0;WAT401163;OK;2,14;6;cc/min;;2;N
2026-08-02 22:25:32;Cabeçote;1.5 Turbo;CAB400611;NOK;5,14;4;cc/min;Galeria de água;2;N
2026-08-02 22:25:42;Bloco;1.5 Turbo;BLO400282;OK;2,17;5;cc/min;;2;N
2026-08-02 22:26:38;Cabeçote;1.0;CAB400612;OK;1,39;4;cc/min;;2;N
2026-08-02 22:26:38;Leak Zero;1.5 Turbo;LEA400886;OK;1,52;3;cc/min;;2;N
2026-08-02 22:26:42;Water Leak;1.5 Turbo;WAT401164;OK;2,68;6;cc/min;;2;N
2026-08-02 22:26:51;Bloco;1.5;BLO400283;OK;2,49;5;cc/min;;2;N
2026-08-02 22:27:43;Cabeçote;1.0;CAB400613;OK;1,06;4;cc/min;;2;N
2026-08-02 22:27:59;Leak Zero;1.5 Turbo;LEA400887;OK;1,41;3;cc/min;;2;N
2026-08-02 22:27:59;Water Leak;1.5 Turbo;WAT401165;OK;2,02;6;cc/min;;2;N
2026-08-02 22:28:00;Bloco;1.5 Turbo;BLO400284;OK;1,32;5;cc/min;;2;N
2026-08-02 22:28:48;Cabeçote;1.5;CAB400614;OK;2,68;4;cc/min;;2;N
2026-08-02 22:29:09;Bloco;1.5;BLO400285;OK;3,39;5;cc/min;;2;N
2026-08-02 22:29:17;Water Leak;1.0;WAT401166;OK;3,02;6;cc/min;;2;N
2026-08-02 22:29:19;Leak Zero;1.5;LEA400888;OK;1,87;3;cc/min;;2;N
2026-08-02 22:29:54;Cabeçote;1.5 Turbo;CAB400615;OK;1,60;4;cc/min;;2;N
2026-08-02 22:30:19;Bloco;1.5 Turbo;BLO400286;OK;3,44;5;cc/min;;2;N
2026-08-02 22:30:34;Water Leak;1.5;WAT401167;OK;3,16;6;cc/min;;2;N
2026-08-02 22:30:40;Leak Zero;1.5;LEA400889;OK;1,12;3;cc/min;;2;N
2026-08-02 22:30:59;Cabeçote;1.0;CAB400616;OK;0,85;4;cc/min;;2;N
2026-08-02 22:31:28;Bloco;1.5;BLO400287;OK;3,16;5;cc/min;;2;N
2026-08-02 22:31:51;Water Leak;1.5 Turbo;WAT401168;OK;3,28;6;cc/min;;2;N
2026-08-02 22:32:00;Leak Zero;1.0;LEA400890;OK;0,45;3;cc/min;;2;N
2026-08-02 22:32:04;Cabeçote;1.5 Turbo;CAB400617;OK;0,74;4;cc/min;;2;N
2026-08-02 22:32:37;Bloco;1.0;BLO400288;OK;2,97;5;cc/min;;2;N
2026-08-02 22:33:09;Cabeçote;1.0;CAB400618;OK;1,85;4;cc/min;;2;N
2026-08-02 22:33:09;Water Leak;1.5 Turbo;WAT401169;OK;3,15;6;cc/min;;2;N
2026-08-02 22:33:21;Leak Zero;1.5;LEA400891;OK;0,73;3;cc/min;;2;N
2026-08-02 22:33:46;Bloco;1.5;BLO400289;OK;1,92;5;cc/min;;2;N
2026-08-02 22:34:15;Cabeçote;1.0;CAB400619;OK;1,00;4;cc/min;;2;N
2026-08-02 22:34:26;Water Leak;1.5 Turbo;WAT401170;OK;2,29;6;cc/min;;2;N
2026-08-02 22:34:42;Leak Zero;1.0;LEA400892;OK;1,15;3;cc/min;;2;N
2026-08-02 22:34:56;Bloco;1.5;BLO400290;OK;3,38;5;cc/min;;2;N
2026-08-02 22:35:20;Cabeçote;1.5 Turbo;CAB400620;OK;1,61;4;cc/min;;2;N
2026-08-02 22:35:44;Water Leak;1.5;WAT401171;OK;2,95;6;cc/min;;2;N
2026-08-02 22:36:02;Leak Zero;1.5 Turbo;LEA400893;OK;1,99;3;cc/min;;2;N
2026-08-02 22:36:05;Bloco;1.0;BLO400291;OK;1,89;5;cc/min;;2;N
2026-08-02 22:36:25;Cabeçote;1.5 Turbo;CAB400621;OK;1,76;4;cc/min;;2;N
2026-08-02 22:37:01;Water Leak;1.5 Turbo;WAT401172;OK;1,89;6;cc/min;;2;N
2026-08-02 22:37:14;Bloco;1.5;BLO400292;OK;2,85;5;cc/min;;2;N
2026-08-02 22:37:23;Leak Zero;1.0;LEA400894;OK;0,90;3;cc/min;;2;N
2026-08-02 22:37:30;Cabeçote;1.5 Turbo;CAB400622;OK;1,50;4;cc/min;;2;N
2026-08-02 22:38:18;Water Leak;1.5;WAT401173;OK;4,05;6;cc/min;;2;N
2026-08-02 22:38:23;Bloco;1.5;BLO400293;OK;1,82;5;cc/min;;2;N
2026-08-02 22:38:36;Cabeçote;1.5;CAB400623;OK;1,69;4;cc/min;;2;N
2026-08-02 22:38:43;Leak Zero;1.5 Turbo;LEA400895;OK;0,61;3;cc/min;;2;N
2026-08-02 22:39:33;Bloco;1.5;BLO400294;NOK;8,12;5;cc/min;Face de fogo;2;N
2026-08-02 22:39:36;Water Leak;1.5;WAT401174;OK;1,97;6;cc/min;;2;N
2026-08-02 22:39:41;Cabeçote;1.0;CAB400624;OK;1,83;4;cc/min;;2;N
2026-08-02 22:40:04;Leak Zero;1.0;LEA400896;OK;1,62;3;cc/min;;3;N
2026-08-02 22:40:42;Bloco;1.0;BLO400295;OK;3,33;5;cc/min;;3;N
2026-08-02 22:40:46;Cabeçote;1.5;CAB400625;OK;2,61;4;cc/min;;3;N
2026-08-02 22:40:53;Water Leak;1.5 Turbo;WAT401175;OK;3,48;6;cc/min;;3;N
2026-08-02 22:41:25;Leak Zero;1.5 Turbo;LEA400897;OK;0,73;3;cc/min;;3;N
2026-08-02 22:41:51;Bloco;1.5;BLO400296;OK;2,21;5;cc/min;;3;N
2026-08-02 22:41:51;Cabeçote;1.0;CAB400626;OK;1,20;4;cc/min;;3;N
2026-08-02 22:42:11;Water Leak;1.5;WAT401176;OK;2,08;6;cc/min;;3;N
2026-08-02 22:42:45;Leak Zero;1.5 Turbo;LEA400898;OK;0,77;3;cc/min;;3;N
2026-08-02 22:42:57;Cabeçote;1.0;CAB400627;OK;0,60;4;cc/min;;3;N
2026-08-02 22:43:00;Bloco;1.5;BLO400297;OK;1,12;5;cc/min;;3;N
2026-08-02 22:43:28;Water Leak;1.5 Turbo;WAT401177;OK;2,10;6;cc/min;;3;N
2026-08-02 22:44:02;Cabeçote;1.5;CAB400628;OK;1,41;4;cc/min;;3;N
2026-08-02 22:44:06;Leak Zero;1.5 Turbo;LEA400899;OK;0,63;3;cc/min;;3;N
2026-08-02 22:44:09;Bloco;1.0;BLO400298;OK;3,32;5;cc/min;;3;N
2026-08-02 22:44:46;Water Leak;1.0;WAT401178;OK;3,13;6;cc/min;;3;N
2026-08-02 22:45:07;Cabeçote;1.5 Turbo;CAB400629;OK;1,85;4;cc/min;;3;N
2026-08-02 22:45:19;Bloco;1.0;BLO400299;OK;1,69;5;cc/min;;3;N
2026-08-02 22:45:26;Leak Zero;1.0;LEA400900;OK;0,86;3;cc/min;;3;N
2026-08-02 22:46:03;Water Leak;1.5 Turbo;WAT401179;OK;1,05;6;cc/min;;3;N
2026-08-02 22:46:12;Cabeçote;1.5;CAB400630;OK;1,42;4;cc/min;;3;N
2026-08-02 22:46:28;Bloco;1.0;BLO400300;OK;2,92;5;cc/min;;3;N
2026-08-02 22:46:47;Leak Zero;1.5 Turbo;LEA400901;OK;1,54;3;cc/min;;3;N
2026-08-02 22:47:18;Cabeçote;1.5 Turbo;CAB400631;OK;2,03;4;cc/min;;3;N
2026-08-02 22:47:20;Water Leak;1.5;WAT401180;OK;1,29;6;cc/min;;3;N
2026-08-02 22:47:37;Bloco;1.5 Turbo;BLO400301;OK;1,62;5;cc/min;;3;N
2026-08-02 22:48:08;Leak Zero;1.5 Turbo;LEA400902;OK;1,16;3;cc/min;;3;N
2026-08-02 22:48:23;Cabeçote;1.5;CAB400632;OK;1,65;4;cc/min;;3;N
2026-08-02 22:48:38;Water Leak;1.0;WAT401181;OK;2,69;6;cc/min;;3;N
2026-08-02 22:48:46;Bloco;1.5 Turbo;BLO400302;NOK;9,89;5;cc/min;Porosidade;3;N
2026-08-02 22:49:28;Cabeçote;1.0;CAB400633;OK;1,46;4;cc/min;;3;N
2026-08-02 22:49:28;Leak Zero;1.5 Turbo;LEA400903;OK;1,49;3;cc/min;;3;N
2026-08-02 22:49:32;Cabeçote;1.5 Turbo;CAB400611;OK;1,80;4;cc/min;;3;S
2026-08-02 22:49:55;Water Leak;1.0;WAT401182;OK;3,47;6;cc/min;;3;N
2026-08-02 22:49:56;Bloco;1.5 Turbo;BLO400303;OK;2,92;5;cc/min;;3;N
2026-08-02 22:50:33;Cabeçote;1.0;CAB400634;OK;1,78;4;cc/min;;3;N
2026-08-02 22:50:49;Leak Zero;1.0;LEA400904;OK;1,64;3;cc/min;;3;N
2026-08-02 22:51:05;Bloco;1.0;BLO400304;OK;2,64;5;cc/min;;3;N
2026-08-02 22:51:13;Water Leak;1.5;WAT401183;OK;1,12;6;cc/min;;3;N
2026-08-02 22:51:39;Cabeçote;1.5;CAB400635;OK;0,62;4;cc/min;;3;N
2026-08-02 22:52:09;Leak Zero;1.5 Turbo;LEA400905;OK;1,20;3;cc/min;;3;N
2026-08-02 22:52:14;Bloco;1.5;BLO400305;OK;1,83;5;cc/min;;3;N
2026-08-02 22:52:30;Water Leak;1.5 Turbo;WAT401184;OK;1,75;6;cc/min;;3;N
2026-08-02 22:52:44;Cabeçote;1.5 Turbo;CAB400636;OK;0,96;4;cc/min;;3;N
2026-08-02 22:53:23;Bloco;1.5 Turbo;BLO400306;OK;1,54;5;cc/min;;3;N
2026-08-02 22:53:30;Leak Zero;1.5 Turbo;LEA400906;OK;1,64;3;cc/min;;3;N
2026-08-02 22:53:48;Water Leak;1.5 Turbo;WAT401185;OK;3,36;6;cc/min;;3;N
2026-08-02 22:53:49;Cabeçote;1.0;CAB400637;OK;1,27;4;cc/min;;3;N
2026-08-02 22:54:33;Bloco;1.0;BLO400307;OK;0,95;5;cc/min;;3;N
2026-08-02 22:54:51;Leak Zero;1.0;LEA400907;OK;1,77;3;cc/min;;3;N
2026-08-02 22:54:54;Cabeçote;1.5 Turbo;CAB400638;OK;1,66;4;cc/min;;3;N
2026-08-02 22:55:05;Water Leak;1.0;WAT401186;OK;1,55;6;cc/min;;3;N
2026-08-02 22:55:42;Bloco;1.0;BLO400308;OK;2,90;5;cc/min;;3;N
2026-08-02 22:56:00;Cabeçote;1.5 Turbo;CAB400639;OK;2,53;4;cc/min;;3;N
2026-08-02 22:56:11;Leak Zero;1.5;LEA400908;OK;1,09;3;cc/min;;3;N
2026-08-02 22:56:22;Water Leak;1.5;WAT401187;OK;1,91;6;cc/min;;3;N
2026-08-02 22:56:51;Bloco;1.5 Turbo;BLO400309;OK;2,02;5;cc/min;;3;N
2026-08-02 22:57:05;Cabeçote;1.0;CAB400640;OK;0,64;4;cc/min;;3;N
2026-08-02 22:57:32;Leak Zero;1.5;LEA400909;OK;0,77;3;cc/min;;3;N
2026-08-02 22:57:40;Water Leak;1.5 Turbo;WAT401188;OK;0,96;6;cc/min;;3;N
2026-08-02 22:58:00;Bloco;1.0;BLO400310;OK;1,93;5;cc/min;;3;N
2026-08-02 22:58:10;Cabeçote;1.0;CAB400641;OK;2,39;4;cc/min;;3;N
2026-08-02 22:58:52;Leak Zero;1.5 Turbo;LEA400910;OK;1,76;3;cc/min;;3;N
2026-08-02 22:58:57;Water Leak;1.5;WAT401189;OK;2,57;6;cc/min;;3;N
2026-08-02 22:59:09;Bloco;1.5 Turbo;BLO400311;OK;1,63;5;cc/min;;3;N
2026-08-02 22:59:15;Cabeçote;1.5 Turbo;CAB400642;OK;1,61;4;cc/min;;3;N
2026-08-02 22:59:53;Bloco;1.5 Turbo;BLO400302;OK;2,25;5;cc/min;;3;S
2026-08-02 22:59:53;Bloco;1.5;BLO400294;OK;2,25;5;cc/min;;3;S
2026-08-02 23:00:13;Leak Zero;1.0;LEA400911;OK;2,00;3;cc/min;;3;N
2026-08-02 23:00:15;Water Leak;1.5;WAT401190;OK;3,64;6;cc/min;;3;N
2026-08-02 23:00:19;Bloco;1.5;BLO400312;OK;2,55;5;cc/min;;3;N
2026-08-02 23:00:21;Cabeçote;1.0;CAB400643;OK;2,75;4;cc/min;;3;N
